-386,-113,-336,-227,-364,-369,-355,-301,-173,-200,-63,-147,-288,-31,-370,-307,210,
-427,-102,-289,-209,-358,-333,-356,-312,-161,-200,-50,-142,-243,-13,-340,-288,210,
-318,-121,-340,-228,-392,-378,-323,-383,-179,-219,-133,-235,-284,-30,-319,-300,210,
-298,-143,-324,-236,-408,-351,-366,-365,-188,-226,-124,-176,-310,-61,-341,-282,210,
-320,-136,-280,-231,-363,-336,-375,-368,-180,-218,-121,-202,-275,-41,-320,-336,210,
-331,-135,-338,-229,-333,-370,-384,-326,-175,-205,-66,-233,-283,-50,-361,-374,210,
-330,-125,-308,-231,-361,-354,-356,-311,-171,-208,-58,-111,-268,-37,-336,-371,211,
-270,-120,-317,-215,-344,-325,-361,-293,-174,-210,-101,-216,-243,-63,-312,-373,211,
-356,-131,-314,-234,-396,-323,-353,-346,-186,-218,-110,-184,-295,-67,-366,-336,211,
-336,-107,-283,-206,-388,-334,-325,-306,-156,-189,-99,-183,-323,-35,-301,-320,211,
-315,-95,-283,-199,-325,-314,-320,-345,-144,-181,-96,-92,-238,-26,-278,-308,211,
-286,-120,-264,-218,-343,-387,-324,-282,-169,-210,-66,-85,-227,-55,-330,-336,211,
-327,-119,-275,-208,-386,-334,-357,-336,-162,-196,-48,-198,-295,-28,-348,-320,212,
-252,-126,-308,-216,-353,-305,-295,-294,-167,-205,-53,-114,-277,-49,-300,-300,212,
-367,-138,-293,-199,-431,-356,-314,-363,-165,-191,-97,-179,-341,-26,-340,-308,212,
-417,-119,-270,-216,-358,-339,-334,-314,-167,-193,-130,-190,-251,-40,-277,-331,212,
-321,-107,-306,-215,-361,-321,-301,-326,-163,-201,-54,-221,-226,-35,-360,-300,212,
-330,-102,-258,-201,-369,-339,-306,-326,-157,-192,-53,-200,-288,-30,-334,-284,212,
-344,-103,-287,-207,-358,-281,-349,-317,-166,-200,-79,-213,-216,-49,-288,-351,213,
-291,-80,-249,-179,-333,-379,-332,-324,-137,-170,-18,-161,-298,-9,-238,-288,213,
-282,-77,-210,-166,-337,-283,-253,-291,-121,-144,5,-145,-242,24,-309,-293,213,
-329,-85,-226,-183,-315,-314,-307,-232,-137,-171,-39,-184,-251,3,-295,-290,213,
-332,-123,-316,-213,-306,-322,-305,-326,-165,-196,-137,-170,-249,-38,-339,-328,213,
-312,-112,-266,-201,-341,-344,-322,-347,-172,-203,-154,-154,-211,-24,-320,-324,213,
-359,-99,-234,-193,-367,-299,-289,-273,-152,-186,-93,-179,-260,-15,-344,-270,214,
-390,-101,-285,-205,-326,-296,-348,-299,-159,-194,-55,-159,-225,-26,-292,-294,214,
-337,-140,-305,-238,-369,-422,-363,-323,-195,-232,-117,-126,-213,-68,-287,-334,214,
-363,-109,-273,-201,-381,-350,-330,-272,-155,-190,-104,-207,-291,-25,-296,-301,214,
-279,-120,-305,-201,-345,-307,-318,-325,-145,-194,-44,-110,-276,-27,-287,-304,214,
-430,-117,-295,-217,-315,-345,-323,-279,-172,-208,-53,-151,-315,-52,-337,-300,214,
-373,-116,-279,-196,-337,-312,-321,-339,-163,-196,-78,-132,-235,-27,-321,-332,215,
-382,-90,-217,-189,-310,-364,-290,-337,-146,-178,-39,-175,-287,-20,-297,-290,215,
-294,-100,-267,-199,-350,-291,-304,-327,-156,-196,-64,-135,-222,-34,-286,-295,215,
-296,-102,-239,-187,-323,-355,-327,-308,-168,-197,-65,-88,-310,-61,-319,-310,215,
-303,-123,-241,-196,-352,-326,-319,-304,-188,-212,-75,-102,-261,-46,-348,-307,215,
-358,-124,-263,-185,-363,-364,-305,-295,-167,-193,-37,-153,-254,-19,-276,-276,215,
-360,-129,-254,-200,-317,-307,-317,-296,-152,-184,-80,-131,-245,-43,-241,-254,216,
-385,-115,-243,-184,-328,-349,-322,-305,-141,-174,-106,-140,-255,-18,-258,-305,216,
-357,-102,-302,-186,-348,-288,-314,-290,-144,-178,-109,-214,-227,-26,-292,-306,216,
-286,-116,-306,-208,-299,-354,-330,-305,-153,-190,-115,-144,-257,-46,-312,-311,216,
-345,-129,-329,-224,-407,-308,-371,-345,-175,-217,-94,-255,-234,-76,-317,-298,216,
-413,-113,-310,-209,-312,-316,-309,-286,-165,-203,-84,-259,-275,-63,-335,-332,216,
-349,-105,-295,-192,-409,-349,-320,-298,-148,-186,-99,-165,-222,-41,-266,-294,217,
-413,-108,-276,-178,-357,-299,-306,-312,-135,-170,-121,-117,-307,-29,-326,-341,217,
-411,-122,-272,-193,-366,-341,-284,-314,-149,-183,-133,-225,-281,-43,-302,-315,217,
-408,-112,-262,-181,-299,-328,-310,-305,-143,-175,-84,-227,-260,-20,-368,-268,217,
-403,-122,-259,-200,-381,-347,-299,-324,-157,-194,-104,-163,-289,-79,-308,-354,217,
-494,-122,-269,-214,-379,-380,-323,-325,-167,-206,-79,-225,-295,-74,-361,-345,217,
-454,-149,-250,-204,-387,-374,-306,-330,-158,-194,-149,-297,-328,-41,-398,-327,218,
-483,-120,-305,-201,-369,-358,-326,-307,-154,-188,-117,-135,-248,-31,-334,-363,218,
-447,-114,-274,-191,-330,-325,-334,-323,-151,-189,-115,-164,-286,-39,-325,-312,218,
-420,-127,-286,-192,-334,-317,-352,-325,-149,-186,-60,-153,-231,-76,-361,-324,218,
-405,-130,-297,-201,-371,-349,-267,-307,-157,-194,-137,-237,-324,-71,-356,-345,218,
-434,-127,-264,-197,-373,-348,-294,-272,-151,-185,-44,-193,-329,-33,-300,-327,218,
-480,-149,-266,-185,-373,-350,-325,-312,-146,-180,-185,-179,-339,-59,-330,-299,219,
-449,-91,-248,-166,-328,-306,-284,-280,-126,-159,-21,-134,-250,-48,-296,-305,219,
-501,-103,-258,-188,-346,-353,-310,-283,-144,-183,-138,-176,-327,-47,-346,-340,219,
-441,-135,-269,-185,-398,-361,-317,-286,-143,-175,-166,-212,-258,-109,-351,-338,219,
-429,-128,-281,-196,-392,-325,-323,-345,-151,-183,-85,-192,-322,-44,-353,-324,219,
-462,-144,-315,-217,-350,-378,-336,-379,-179,-209,-156,-153,-320,-87,-378,-316,219,
-405,-125,-265,-177,-380,-325,-301,-320,-153,-185,-160,-258,-330,-72,-258,-336,220,
-487,-140,-234,-188,-381,-328,-341,-307,-153,-186,-89,-164,-277,-41,-334,-285,220,
-470,-156,-274,-198,-410,-316,-313,-319,-161,-194,-86,-243,-293,-82,-347,-318,220,
-435,-122,-280,-188,-352,-364,-319,-316,-157,-185,-142,-228,-282,-79,-367,-320,220,
-439,-147,-286,-192,-354,-359,-287,-295,-152,-183,-108,-182,-287,-76,-357,-288,220,
-403,-178,-307,-208,-355,-347,-306,-329,-162,-193,-158,-221,-351,-81,-358,-323,220,
-434,-169,-285,-202,-339,-365,-334,-326,-155,-183,-92,-227,-290,-73,-289,-350,221,
-427,-130,-281,-177,-367,-305,-277,-250,-150,-175,-156,-189,-268,-64,-309,-319,221,
-458,-133,-267,-185,-394,-338,-333,-317,-153,-177,-146,-218,-289,-44,-305,-308,221,
-470,-149,-306,-194,-347,-357,-292,-297,-163,-192,-111,-273,-290,-68,-282,-337,221,
-456,-169,-278,-196,-304,-315,-310,-303,-163,-190,-162,-161,-323,-78,-320,-322,221,
-420,-173,-255,-175,-382,-295,-278,-321,-141,-167,-101,-118,-290,-27,-225,-253,221,
-471,-128,-186,-170,-376,-375,-282,-280,-132,-162,-124,-142,-398,-32,-297,-335,222,
-421,-118,-257,-162,-311,-319,-254,-247,-126,-155,-76,-208,-290,-16,-334,-302,222,
-442,-166,-279,-184,-347,-344,-316,-309,-143,-171,-98,-221,-295,-43,-335,-312,222,
-448,-102,-233,-167,-356,-328,-299,-249,-122,-149,-93,-299,-285,-35,-277,-339,222,
-401,-137,-265,-174,-339,-346,-289,-262,-135,-163,-126,-169,-274,-38,-311,-316,222,
-448,-142,-269,-173,-359,-346,-294,-276,-131,-158,-122,-110,-268,-59,-351,-258,222,
-486,-173,-240,-175,-421,-334,-288,-268,-142,-171,-123,-213,-317,-60,-296,-325,223,
-484,-156,-253,-161,-347,-296,-277,-316,-135,-161,-68,-123,-304,-31,-317,-295,223,
-445,-150,-267,-172,-372,-287,-294,-281,-142,-168,-102,-105,-247,-57,-353,-300,223,
-444,-137,-247,-178,-377,-312,-264,-275,-147,-176,-109,-277,-329,-56,-332,-306,223,
-389,-139,-208,-164,-375,-314,-280,-250,-123,-154,-111,-207,-280,-26,-323,-319,223,
-458,-89,-239,-163,-339,-321,-264,-287,-142,-166,-73,-189,-285,-39,-334,-270,223,
-434,-139,-231,-167,-341,-314,-291,-253,-159,-181,-114,-117,-302,-79,-344,-312,224,
-444,-110,-253,-157,-325,-310,-276,-270,-138,-155,-95,-105,-338,-17,-320,-245,224,
-399,-76,-199,-148,-350,-272,-235,-227,-127,-148,-107,-166,-285,-51,-340,-288,224,
-416,-118,-246,-155,-358,-278,-265,-221,-139,-158,-48,-135,-215,-38,-303,-249,224,
-386,-116,-256,-158,-311,-283,-297,-273,-131,-149,-102,-192,-279,-9,-282,-249,224,
-450,-137,-241,-174,-284,-352,-284,-251,-144,-164,-99,-130,-283,-36,-294,-305,224,
-403,-118,-243,-172,-302,-300,-265,-278,-145,-163,-142,-132,-224,-38,-355,-263,225,
-420,-81,-214,-163,-342,-296,-276,-272,-131,-141,-93,-128,-241,-34,-286,-218,225,
-362,-158,-264,-181,-317,-329,-264,-240,-151,-170,-217,-126,-304,-57,-290,-266,225,
-357,-94,-213,-162,-339,-276,-275,-301,-133,-153,-89,-104,-250,-43,-265,-291,225,
-421,-84,-219,-167,-316,-315,-273,-245,-133,-149,-120,-191,-233,-64,-294,-328,225,
-464,-112,-244,-158,-290,-239,-246,-246,-133,-149,-90,-162,-286,-74,-287,-241,225,
-327,-83,-199,-159,-286,-302,-239,-262,-131,-153,-80,-104,-241,-18,-325,-278,226,
-383,-87,-193,-127,-276,-241,-243,-248,-109,-132,-99,-123,-236,0,-234,-292,226,
-394,-93,-239,-163,-354,-283,-273,-278,-134,-154,-69,-255,-228,-32,-277,-267,226,
-329,-91,-198,-160,-315,-249,-270,-245,-132,-156,-40,-143,-211,-53,-317,-256,226,
-283,-69,-215,-147,-299,-258,-256,-222,-118,-138,-61,-160,-200,-32,-294,-244,226,
-357,-63,-177,-126,-283,-242,-252,-213,-101,-119,-44,-90,-270,-21,-223,-233,226,
-383,-81,-210,-149,-264,-251,-276,-253,-126,-144,-50,-160,-250,-30,-242,-253,227,
-384,-66,-188,-124,-227,-311,-245,-239,-108,-126,1,-135,-208,-10,-219,-254,227,
-359,-82,-199,-124,-261,-295,-259,-236,-114,-130,-68,-136,-199,-5,-285,-241,227,
-282,-73,-207,-135,-288,-272,-226,-215,-121,-139,-66,-178,-220,-24,-300,-245,227,
-304,-89,-194,-142,-328,-243,-232,-258,-124,-141,-42,-104,-201,-26,-244,-234,227,
-334,-71,-228,-147,-300,-320,-260,-210,-123,-144,-100,-141,-200,-13,-276,-232,227,
-311,-74,-181,-134,-238,-253,-259,-230,-121,-136,-45,-103,-240,-32,-261,-190,228,
-426,-83,-215,-141,-254,-286,-273,-256,-119,-136,-107,-180,-183,-31,-216,-230,228,
-256,-91,-212,-141,-255,-231,-225,-272,-129,-145,-29,-199,-242,-47,-266,-243,228,
-312,-99,-231,-127,-253,-300,-248,-221,-123,-141,-116,-199,-280,-28,-200,-217,228,
-299,-101,-181,-140,-254,-246,-224,-230,-125,-142,-54,-130,-231,-25,-220,-218,228,
-320,-81,-217,-154,-257,-263,-248,-248,-135,-153,-62,-113,-253,-39,-262,-266,228,
-355,-81,-200,-156,-285,-277,-259,-233,-138,-154,-44,-82,-198,-32,-210,-243,229,
-206,-71,-209,-129,-283,-217,-224,-177,-112,-118,-59,-50,-210,-11,-237,-186,229,
-365,-70,-190,-131,-283,-233,-247,-219,-119,-135,-28,-121,-218,-14,-272,-221,229,
-278,-80,-158,-147,-289,-213,-246,-233,-134,-153,-86,-160,-160,-46,-276,-243,229,
-276,-62,-170,-140,-293,-226,-201,-193,-127,-145,-79,-57,-201,-28,-243,-239,229,
-344,-58,-237,-124,-260,-272,-224,-224,-121,-136,-49,-172,-191,-30,-266,-251,229,
-314,-56,-174,-132,-224,-239,-258,-170,-116,-130,-87,-136,-211,-63,-190,-214,230,
-255,-57,-199,-109,-270,-291,-223,-199,-100,-118,-34,-166,-130,-43,-257,-242,230,
-311,-86,-190,-123,-269,-249,-213,-204,-115,-134,-80,-149,-178,-29,-219,-267,230,
-291,-54,-158,-121,-277,-217,-193,-208,-111,-118,-20,-103,-207,-24,-203,-237,230,
-335,-60,-195,-121,-204,-254,-231,-192,-122,-143,-60,-140,-207,-28,-219,-217,230,
-301,-84,-184,-145,-256,-253,-212,-244,-132,-151,-77,-195,-220,-36,-266,-223,230,
-304,-50,-177,-127,-229,-224,-215,-222,-116,-132,-19,-157,-186,-41,-239,-245,231,
-327,-67,-193,-135,-282,-251,-226,-209,-118,-136,-71,-98,-163,-34,-256,-253,231,
-293,-82,-223,-125,-243,-232,-235,-202,-114,-130,-48,-70,-97,-51,-283,-216,231,
-252,-80,-211,-151,-280,-246,-227,-217,-133,-152,-100,-137,-242,-43,-225,-249,231,
-347,-62,-204,-132,-220,-215,-210,-212,-116,-130,-86,-147,-170,-23,-159,-223,231,
-264,-68,-186,-145,-255,-244,-253,-227,-126,-134,-107,-199,-215,-36,-275,-237,231,
-296,-70,-166,-128,-173,-228,-155,-226,-109,-128,-62,-115,-188,-9,-251,-225,232,
-280,-53,-195,-112,-247,-224,-174,-208,-100,-110,-49,-163,-203,-18,-181,-240,232,
-270,-62,-180,-105,-197,-242,-222,-191,-98,-113,-9,-129,-160,-18,-166,-196,232,
-317,-84,-174,-131,-292,-232,-195,-232,-110,-127,-46,-137,-156,-19,-249,-212,232,
-334,-61,-158,-130,-218,-280,-225,-248,-107,-114,-35,-173,-190,-16,-221,-219,232,
-315,-58,-169,-113,-231,-260,-187,-216,-94,-113,-26,-115,-146,-18,-247,-191,232,
-199,-55,-165,-121,-264,-227,-175,-152,-100,-122,-47,-129,-215,-16,-215,-187,233,
-277,-71,-157,-123,-277,-239,-199,-187,-103,-117,-85,-79,-167,-20,-192,-214,233,
-284,-71,-197,-126,-215,-244,-186,-214,-110,-128,-77,-106,-138,-60,-234,-273,233,
-248,-74,-168,-126,-221,-248,-201,-191,-113,-128,-18,-149,-299,-8,-188,-186,233,
-280,-82,-192,-122,-285,-210,-221,-164,-114,-132,-58,-88,-187,-38,-244,-228,233,
-207,-72,-206,-140,-237,-250,-220,-186,-119,-138,-16,-114,-175,-37,-285,-173,233,
-309,-69,-176,-126,-197,-242,-196,-172,-102,-118,-56,-171,-189,-26,-192,-193,234,
-208,-75,-167,-120,-252,-225,-207,-160,-100,-118,-40,-91,-166,-13,-185,-214,234,
-309,-91,-184,-115,-241,-238,-197,-199,-100,-118,-46,-136,-205,-16,-192,-206,234,
-287,-76,-182,-118,-225,-279,-189,-195,-114,-128,-59,-160,-229,-38,-201,-220,234,
-300,-101,-191,-132,-263,-248,-228,-165,-103,-124,-81,-60,-245,-80,-218,-225,234,
-335,-56,-186,-125,-223,-201,-194,-196,-111,-128,-75,-39,-174,-29,-241,-224,234,
-314,-70,-166,-124,-237,-223,-236,-187,-136,-153,-130,-131,-188,-37,-311,-199,235,
-303,-87,-157,-111,-295,-227,-169,-188,-116,-128,-70,-114,-183,-19,-186,-221,235,
-292,-70,-187,-117,-214,-237,-175,-165,-101,-116,-20,-140,-156,-44,-228,-204,235,
-299,-77,-206,-138,-231,-198,-218,-212,-101,-118,-52,-149,-206,-12,-266,-222,235,
-268,-78,-232,-136,-238,-237,-207,-230,-100,-124,-89,-150,-285,-21,-231,-226,235,
-347,-63,-169,-131,-244,-222,-206,-206,-103,-126,-68,-107,-166,-36,-255,-234,235,
-276,-83,-153,-130,-247,-226,-253,-217,-118,-145,-48,-119,-219,-41,-223,-232,236,
-241,-89,-170,-128,-265,-208,-219,-202,-98,-123,-43,-169,-173,-32,-236,-227,236,
-340,-123,-168,-135,-231,-297,-236,-231,-120,-146,-97,-138,-192,-57,-221,-221,236,
-298,-111,-187,-124,-243,-236,-204,-208,-99,-118,-121,-121,-194,-63,-230,-214,236,
-266,-127,-186,-121,-225,-216,-178,-216,-91,-112,-67,-83,-206,-26,-236,-222,236,
-392,-129,-188,-134,-179,-270,-205,-217,-107,-128,-42,-177,-237,-40,-304,-261,236,
-287,-89,-202,-130,-222,-218,-189,-221,-110,-134,-50,-179,-221,-68,-156,-229,237,
-340,-127,-189,-120,-309,-196,-210,-217,-105,-126,-83,-207,-279,-53,-237,-219,237,
-348,-134,-178,-112,-205,-246,-228,-211,-90,-110,-93,-139,-193,-31,-230,-190,237,
-269,-117,-158,-121,-210,-237,-226,-204,-96,-118,-111,-127,-171,-37,-221,-237,237,
-336,-105,-195,-128,-280,-268,-196,-161,-105,-125,-38,-134,-234,-45,-262,-214,237,
-317,-82,-190,-132,-257,-280,-211,-215,-106,-125,-126,-90,-207,-60,-228,-216,237,
-383,-98,-192,-135,-282,-302,-225,-198,-108,-130,-102,-196,-227,-36,-295,-283,238,
-377,-152,-163,-108,-249,-199,-237,-186,-84,-101,-145,-118,-248,-55,-260,-259,238,
-320,-103,-187,-126,-253,-280,-205,-222,-99,-116,-107,-168,-228,-32,-250,-241,238,
-330,-98,-169,-122,-320,-233,-238,-185,-100,-115,-186,-181,-171,-35,-308,-214,238,
-357,-193,-208,-134,-278,-236,-216,-186,-107,-124,-168,-121,-273,-29,-309,-223,238,
-393,-183,-144,-129,-260,-234,-228,-215,-103,-122,-74,-148,-251,-51,-270,-225,238,
-342,-124,-171,-126,-301,-294,-195,-215,-107,-121,-165,-242,-194,-43,-237,-228,239,
-377,-188,-183,-120,-265,-252,-191,-197,-99,-115,-72,-83,-267,-40,-291,-213,239,
-386,-164,-216,-145,-286,-281,-232,-243,-120,-138,-157,-248,-259,-98,-280,-290,239,
-364,-213,-165,-109,-269,-259,-211,-202,-96,-110,-125,-157,-235,-39,-229,-157,239,
-348,-157,-183,-119,-204,-276,-202,-219,-103,-119,-81,-172,-244,-32,-287,-246,239,
-365,-135,-208,-130,-317,-222,-209,-228,-114,-133,-159,-300,-281,-85,-295,-250,239,
-360,-150,-189,-130,-285,-262,-188,-220,-102,-126,-66,-98,-276,-41,-261,-241,240,
-372,-205,-172,-130,-310,-252,-228,-215,-104,-123,-169,-225,-230,-49,-244,-257,240,
-364,-177,-212,-141,-319,-313,-242,-214,-117,-139,-119,-313,-287,-108,-254,-226,240,
-372,-217,-235,-145,-280,-293,-253,-224,-118,-143,-117,-227,-279,-94,-249,-259,240,
-373,-212,-199,-139,-231,-296,-235,-238,-110,-131,-179,-165,-264,-67,-261,-232,240,
-377,-192,-165,-123,-277,-236,-211,-199,-95,-114,-148,-102,-230,-37,-258,-223,240,
-368,-218,-153,-131,-327,-290,-221,-187,-99,-121,-128,-204,-192,-45,-249,-206,241,
-381,-268,-192,-116,-242,-263,-212,-194,-93,-112,-122,-220,-302,-58,-261,-232,241,
-375,-242,-157,-120,-249,-256,-205,-226,-98,-115,-167,-112,-256,-76,-265,-240,241,
-315,-179,-213,-121,-301,-255,-204,-174,-97,-113,-137,-167,-249,-53,-232,-232,241,
-381,-194,-180,-128,-257,-282,-232,-218,-105,-124,-171,-161,-211,-64,-213,-231,241,
-362,-202,-188,-125,-272,-244,-210,-233,-105,-123,-141,-205,-314,-66,-296,-246,241,
-367,-212,-189,-120,-245,-254,-213,-195,-95,-115,-98,-207,-285,-78,-269,-198,242,
-337,-269,-203,-122,-284,-221,-206,-221,-94,-117,-129,-171,-280,-53,-256,-270,242,
-397,-181,-156,-103,-267,-231,-178,-230,-87,-108,-148,-148,-219,-37,-247,-230,242,
-371,-233,-152,-99,-262,-259,-208,-191,-82,-104,-85,-194,-249,-32,-212,-233,242,
-353,-231,-194,-113,-266,-220,-214,-186,-92,-110,-128,-151,-223,-64,-253,-252,242,
-215,-189,-197,-134,-297,-258,-205,-179,-104,-128,-116,-230,-234,-66,-236,-238,242,
-333,-243,-200,-125,-304,-294,-177,-239,-98,-118,-178,-277,-217,-63,-227,-208,243,
-307,-184,-158,-110,-220,-242,-181,-198,-85,-107,-77,-238,-218,-77,-240,-185,243,
-335,-177,-186,-124,-282,-280,-201,-221,-101,-121,-156,-278,-217,-104,-252,-233,243,
-330,-214,-180,-135,-244,-255,-227,-243,-109,-131,-147,-216,-225,-95,-250,-257,243,
-313,-197,-211,-133,-323,-251,-196,-160,-103,-123,-157,-160,-251,-73,-259,-220,243,
-309,-194,-166,-101,-250,-224,-179,-177,-78,-98,-89,-186,-240,-25,-290,-200,243,
-316,-215,-183,-108,-272,-263,-211,-180,-78,-100,-96,-158,-251,-48,-292,-229,244,
-316,-236,-164,-107,-272,-214,-186,-194,-77,-96,-118,-214,-253,-38,-244,-226,244,
-344,-233,-176,-121,-282,-279,-186,-206,-103,-120,-173,-155,-223,-83,-272,-198,244,
-277,-176,-162,-107,-279,-239,-197,-195,-85,-101,-109,-153,-225,-60,-272,-192,244,
-384,-229,-186,-113,-325,-212,-151,-210,-87,-103,-218,-206,-206,-68,-245,-214,244,
-302,-171,-155,-108,-290,-238,-198,-180,-76,-98,-121,-110,-293,-38,-227,-233,244,
-345,-165,-165,-122,-296,-270,-182,-138,-92,-107,-131,-185,-223,-83,-241,-231,245,
-343,-223,-155,-117,-229,-279,-199,-204,-94,-111,-95,-205,-268,-72,-239,-233,245,
-339,-168,-156,-104,-259,-220,-193,-173,-85,-102,-62,-174,-149,-24,-215,-204,245,
-309,-204,-163,-107,-245,-248,-217,-219,-103,-120,-188,-215,-285,-75,-233,-209,245,
-295,-200,-152,-97,-261,-244,-210,-187,-78,-95,-121,-209,-262,-47,-242,-216,245,
-305,-167,-130,-91,-207,-200,-173,-188,-76,-95,-103,-130,-199,-42,-191,-217,245,
-327,-241,-186,-106,-238,-203,-199,-201,-90,-107,-112,-167,-206,-32,-251,-190,246,
-308,-205,-156,-89,-260,-196,-192,-192,-74,-91,-136,-111,-205,-50,-237,-221,246,
-332,-185,-165,-103,-214,-194,-188,-206,-84,-101,-78,-258,-269,-44,-269,-193,246,
-330,-212,-155,-119,-263,-288,-245,-212,-109,-127,-160,-286,-278,-79,-215,-248,246,
-342,-272,-176,-110,-285,-258,-216,-191,-101,-118,-97,-192,-242,-29,-224,-213,246,
-295,-288,-153,-97,-279,-250,-182,-210,-88,-106,-77,-244,-250,-72,-254,-211,246,
-300,-226,-175,-104,-268,-225,-212,-219,-90,-109,-91,-213,-262,-46,-270,-222,247,
-285,-213,-141,-90,-190,-211,-178,-188,-73,-89,-58,-104,-150,-33,-195,-235,247,
-348,-221,-183,-115,-252,-252,-167,-190,-92,-112,-160,-111,-255,-62,-168,-221,247,
-290,-228,-160,-99,-212,-245,-158,-176,-80,-99,-65,-100,-199,-35,-188,-192,247,
-306,-196,-155,-95,-202,-192,-191,-168,-75,-91,-71,-224,-190,-36,-216,-209,247,
-341,-273,-160,-126,-274,-273,-220,-207,-112,-124,-185,-329,-238,-59,-252,-202,247,
-281,-245,-127,-170,-220,-193,-206,-164,-82,-97,-158,-318,-233,-85,-200,-195,248,
-283,-242,-114,-153,-266,-230,-184,-191,-87,-103,-51,-113,-186,-42,-189,-196,248,
-288,-244,-154,-128,-265,-199,-186,-194,-97,-115,-181,-193,-251,-72,-233,-265,248,
-323,-256,-207,-142,-284,-279,-230,-236,-111,-128,-241,-201,-242,-84,-257,-234,248,
-286,-234,-118,-117,-227,-216,-159,-168,-93,-109,-160,-189,-279,-56,-246,-203,248,
-304,-213,-160,-121,-264,-232,-168,-205,-97,-118,-123,-143,-198,-17,-302,-174,248,
-293,-240,-139,-109,-256,-279,-162,-178,-93,-110,-145,-243,-262,-34,-255,-231,249,
-304,-220,-171,-99,-226,-239,-203,-162,-73,-90,-86,-88,-179,-61,-225,-208,249,
-258,-210,-145,-98,-254,-188,-171,-198,-74,-89,-114,-228,-189,-35,-254,-131,249,
-308,-235,-143,-113,-247,-193,-194,-175,-82,-102,-136,-78,-207,-19,-239,-175,249,
-334,-244,-164,-102,-212,-212,-150,-179,-76,-91,-127,-162,-253,-33,-216,-210,249,
-330,-197,-158,-105,-289,-234,-171,-189,-86,-100,-78,-222,-283,-22,-224,-190,249,
-275,-234,-150,-87,-234,-202,-178,-164,-66,-80,-56,-197,-157,-22,-213,-151,250,
-278,-224,-144,-92,-204,-188,-144,-165,-75,-91,-123,-130,-177,-23,-205,-154,250,
-247,-219,-171,-97,-209,-227,-172,-182,-76,-90,-165,-128,-255,-53,-210,-170,250,
-285,-268,-125,-87,-237,-195,-132,-140,-67,-82,-137,-188,-242,-7,-226,-167,250,
-304,-243,-147,-110,-260,-186,-207,-176,-85,-104,-166,-299,-234,-64,-262,-195,250,
-293,-288,-140,-115,-233,-209,-199,-194,-89,-107,-124,-288,-207,-56,-182,-198,250,
-295,-213,-164,-101,-233,-230,-162,-172,-78,-96,-71,-141,-185,-40,-249,-213,251,
-271,-227,-129,-90,-255,-211,-181,-171,-77,-93,-77,-261,-191,-52,-183,-205,251,
-287,-267,-153,-98,-252,-219,-159,-196,-85,-96,-119,-146,-260,-72,-273,-179,251,
-285,-262,-122,-102,-231,-185,-193,-178,-78,-94,-175,-168,-189,-35,-206,-200,251,
-322,-235,-148,-95,-231,-206,-175,-168,-77,-95,-146,-151,-243,-57,-195,-188,251,
-305,-204,-159,-83,-181,-189,-161,-158,-69,-85,-76,-118,-235,-32,-264,-232,251,
-251,-194,-107,-75,-238,-211,-161,-179,-67,-83,-90,-182,-164,-22,-189,-205,252,
-294,-201,-130,-74,-195,-193,-152,-161,-68,-84,-129,-159,-209,-11,-184,-181,252,
-279,-255,-152,-95,-226,-226,-161,-198,-86,-103,-192,-124,-218,-25,-219,-200,252,
-249,-242,-155,-100,-259,-194,-191,-188,-81,-96,-60,-184,-252,-88,-230,-151,252,
-240,-276,-177,-114,-172,-203,-194,-210,-90,-108,-129,-243,-212,-47,-230,-204,252,
-259,-218,-150,-103,-235,-182,-163,-179,-77,-88,-73,-196,-191,-28,-142,-207,252,
-251,-211,-173,-92,-243,-221,-151,-167,-70,-84,-118,-180,-192,-47,-200,-183,253,
-268,-224,-164,-89,-241,-218,-163,-171,-76,-91,-88,-113,-129,-59,-187,-215,253,
-261,-166,-163,-91,-216,-232,-150,-156,-71,-85,-91,-195,-180,-29,-190,-217,253,
-213,-238,-112,-96,-152,-168,-154,-177,-71,-88,-95,-149,-206,-73,-172,-217,253,
-274,-239,-97,-79,-170,-220,-165,-137,-73,-90,-155,-150,-230,-64,-170,-209,253,
-336,-224,-121,-94,-308,-220,-198,-179,-107,-113,-166,-220,-203,-67,-201,-212,253,
-292,-220,-145,-70,-245,-216,-179,-180,-79,-89,-140,-173,-217,-16,-146,-185,254,
-263,-224,-128,-59,-188,-186,-151,-147,-45,-52,-125,-176,-151,1,-203,-162,254,
-269,-241,-165,-89,-205,-202,-161,-137,-57,-74,-90,23,-208,16,-185,-115,254,
-294,-183,-125,-98,-188,-149,-170,-160,-64,-80,-77,-149,-129,-70,-209,-207,254,
-215,-202,-168,-100,-226,-201,-154,-142,-75,-94,-34,-216,-202,-55,-230,-214,254,
-244,-213,-153,-79,-157,-191,-163,-133,-57,-79,-127,-225,-166,-6,-153,-163,254,
-245,-298,-181,-99,-228,-204,-174,-162,-78,-97,-96,-269,-230,-23,-220,-227,255,
-273,-299,-130,-88,-192,-162,-145,-137,-64,-81,-63,-109,-167,-38,-235,-171,255,
-285,-255,-137,-103,-259,-231,-187,-196,-80,-98,-204,-56,-182,-110,-215,-205,255,
-251,-261,-132,-91,-236,-178,-152,-163,-71,-85,-102,-301,-135,-32,-204,-138,255,
-260,-265,-124,-88,-199,-183,-170,-171,-65,-81,-90,-309,-166,-47,-175,-196,255,
-302,-294,-143,-90,-192,-203,-159,-182,-84,-99,-159,-86,-222,-75,-212,-151,255,
-289,-268,-128,-63,-198,-206,-146,-167,-66,-82,-119,-172,-125,-58,-229,-150,0,
-293,-271,-161,-58,-229,-180,-155,-187,-56,-70,-113,-156,-199,-38,-190,-160,0,
-253,-297,-154,-72,-233,-204,-199,-143,-79,-98,-176,-316,-291,-56,-233,-197,0,
-252,-265,-168,-89,-225,-191,-166,-204,-68,-83,-160,-182,-178,-53,-160,-191,0,
-259,-267,-126,-84,-230,-166,-151,-174,-61,-77,-154,-165,-145,-90,-209,-142,0,
-273,-231,-118,-88,-162,-208,-143,-179,-61,-73,-176,-201,-140,-61,-176,-165,0,
-285,-307,-185,-109,-230,-212,-186,-167,-84,-100,-218,-117,-195,-110,-222,-208,1,
-260,-275,-162,-88,-218,-223,-177,-180,-66,-79,-164,2,-265,-77,-195,-191,1,
-260,-305,-148,-97,-212,-244,-204,-155,-79,-97,-138,9,-168,-92,-219,-165,1,
-268,-272,-161,-108,-176,-174,-174,-164,-78,-96,-164,-23,-180,-50,-183,-163,1,
-255,-278,-150,-106,-203,-215,-182,-163,-79,-98,-180,-104,-248,-136,-223,-203,1,
-253,-272,-155,-105,-205,-190,-177,-182,-83,-97,-112,-343,-235,-53,-156,-193,1,
-271,-304,-126,-100,-258,-221,-150,-158,-73,-94,-222,-143,-182,-84,-214,-203,2,
-243,-286,-153,-86,-209,-154,-162,-143,-65,-82,-86,-158,-175,-35,-182,-192,2,
-226,-276,-170,-107,-216,-195,-140,-170,-93,-110,-105,-85,-234,-45,-221,-182,2,
-272,-253,-148,-87,-184,-208,-183,-164,-63,-81,-175,-86,-171,-39,-201,-157,2,
-283,-276,-153,-91,-209,-204,-134,-154,-64,-80,-97,-110,-167,-25,-145,-190,2,
-273,-289,-106,-102,-195,-182,-180,-182,-78,-91,-136,-289,-142,-73,-241,-192,2,
-281,-273,-144,-101,-193,-201,-190,-145,-79,-94,-132,-342,-167,-26,-205,-151,3,
-250,-289,-124,-81,-221,-185,-150,-167,-60,-76,-191,-97,-146,-42,-166,-157,3,
-264,-310,-123,-62,-217,-121,-117,-135,-44,-61,-87,-91,-152,-19,-144,-139,3,
-251,-277,-143,-88,-192,-173,-152,-156,-61,-78,-130,-98,-170,-22,-174,-156,3,
-227,-294,-126,-84,-229,-158,-152,-133,-66,-79,-148,-144,-187,-35,-209,-168,3,
-247,-244,-123,-98,-213,-183,-151,-152,-77,-93,-161,-83,-176,-50,-239,-185,3,
-254,-232,-127,-89,-177,-150,-125,-141,-71,-89,-101,-161,-136,-52,-172,-159,4,
-242,-246,-132,-71,-195,-180,-151,-142,-61,-74,-116,-5,-100,-22,-149,-147,4,
-240,-163,-138,-67,-194,-161,-138,-119,-67,-84,-108,-55,-173,-49,-181,-189,4,
-295,-209,-141,-82,-203,-179,-148,-132,-66,-83,-87,-206,-202,-54,-151,-181,4,
-233,-290,-139,-81,-251,-196,-130,-129,-62,-80,-83,-188,-182,-77,-193,-184,4,
-239,-218,-134,-89,-211,-208,-133,-144,-71,-86,-102,-242,-193,-75,-163,-152,4,
-261,-205,-133,-80,-203,-224,-120,-105,-60,-79,-80,-152,-129,-88,-212,-158,5,
-212,-97,-115,-67,-189,-162,-129,-80,-46,-66,-72,-51,-194,-32,-136,-154,5,
-215,-243,-134,-83,-206,-199,-141,-163,-64,-79,-166,-290,-149,-43,-210,-142,5,
-188,-217,-151,-80,-207,-181,-129,-140,-59,-74,-95,-167,-215,-47,-188,-156,5,
-219,-223,-97,-72,-218,-154,-129,-111,-47,-60,-109,-186,-172,-26,-186,-158,5,
-206,-213,-115,-79,-173,-195,-142,-141,-59,-72,-136,-74,-184,-46,-198,-157,5,
-276,-170,-91,-67,-210,-125,-108,-94,-46,-58,-110,-101,-156,-43,-156,-126,6,
-223,-206,-101,-60,-171,-132,-96,-129,-42,-58,-100,-194,-136,-26,-150,-119,6,
-218,-165,-96,-68,-183,-140,-83,-138,-55,-69,-52,-127,-173,1,-172,-149,6,
-203,-170,-131,-67,-171,-172,-130,-129,-54,-68,-75,-46,-188,-63,-172,-145,6,
-229,-151,-117,-66,-155,-128,-131,-148,-46,-61,-94,-56,-161,-49,-166,-117,6,
-219,-161,-129,-75,-235,-165,-113,-135,-61,-75,-108,-72,-163,-44,-172,-176,6,
-238,-206,-110,-70,-154,-128,-135,-110,-51,-65,-156,-184,-167,-28,-163,-133,7,
-251,-112,-118,-61,-166,-145,-124,-137,-37,-48,-138,-123,-151,-25,-151,-161,7,
-236,-209,-120,-75,-172,-155,-137,-136,-47,-61,-46,-189,-201,-22,-167,-154,7,
-198,-205,-108,-78,-195,-184,-130,-136,-49,-64,-126,-194,-180,-63,-211,-146,7,
-189,-150,-101,-69,-133,-131,-145,-120,-48,-59,-123,-165,-181,-81,-124,-152,7,
-211,-132,-122,-70,-234,-184,-142,-145,-55,-66,-53,-126,-174,-57,-164,-160,7,
-162,-101,-84,-58,-139,-127,-97,-113,-40,-52,-57,-9,-164,-8,-131,-119,8,
-242,-138,-94,-67,-177,-123,-114,-121,-44,-60,-51,-178,-115,-40,-203,-122,8,
-180,-154,-100,-65,-169,-136,-121,-134,-42,-54,-44,-119,-96,-32,-164,-118,8,
-235,-104,-141,-83,-189,-187,-109,-117,-63,-77,-82,-154,-178,-57,-146,-167,8,
-174,-197,-102,-63,-186,-129,-100,-118,-41,-55,-70,-114,-103,-32,-195,-117,8,
-209,-117,-113,-81,-177,-166,-134,-129,-57,-71,-38,-131,-181,-43,-109,-90,8,
-169,-119,-118,-80,-181,-191,-121,-160,-54,-69,-66,-147,-153,-72,-83,-129,9,
-214,-127,-78,-51,-143,-108,-105,-136,-33,-48,-50,-15,-150,-21,-110,-117,9,
-155,-135,-123,-68,-177,-136,-142,-140,-56,-71,-69,-137,-109,-29,-162,-139,9,
-231,-160,-111,-80,-161,-146,-147,-148,-70,-85,-120,-148,-140,-21,-151,-116,9,
-234,-164,-119,-77,-164,-183,-139,-144,-71,-82,-97,-144,-191,-79,-221,-157,9,
-172,-142,-81,-70,-216,-171,-132,-127,-59,-73,-97,-69,-132,-26,-191,-105,9,
-206,-128,-123,-69,-150,-115,-108,-127,-59,-70,-82,-104,-169,-20,-152,-108,10,
-202,-126,-100,-66,-176,-124,-122,-134,-59,-70,-109,-120,-195,-65,-169,-108,10,
-196,-173,-81,-64,-134,-157,-119,-95,-58,-67,-115,-157,-100,-49,-118,-56,10,
-154,-103,-102,-60,-189,-141,-125,-102,-50,-61,-64,-117,-171,-19,-98,-109,10,
-201,-79,-123,-53,-161,-63,-101,-131,-52,-63,-75,-160,-149,-16,-107,-127,10,
-204,-167,-125,-63,-145,-168,-109,-103,-56,-69,-90,-151,-125,-20,-147,-151,10,
-203,-139,-98,-54,-155,-158,-107,-114,-48,-58,-83,-67,-86,-28,-121,-80,11,
-163,-139,-75,-50,-173,-100,-112,-107,-42,-56,-91,-117,-72,-44,-160,-125,11,
-176,-109,-73,-46,-155,-102,-82,-100,-35,-44,-59,-107,-120,27,-127,-65,11,
-193,-138,-113,-58,-200,-107,-102,-88,-47,-60,-134,-33,-90,13,-115,-143,11,
-243,-151,-49,-35,-131,-150,-98,-71,-25,-35,-65,-153,-161,-33,-126,-91,11,
-140,-145,-98,-43,-132,-108,-42,-105,-35,-46,-50,-64,-84,0,-67,-55,11,
-141,-157,-78,-39,-115,-121,-57,-93,-34,-44,-72,-61,-131,-31,-123,-99,12,
-152,-86,-53,-40,-135,-135,-107,-58,-29,-41,-54,-117,-74,16,-128,-80,12,
-196,-66,-87,-51,-144,-111,-116,-92,-37,-51,-43,-98,-118,-22,-95,-100,12,
-243,-111,-107,-67,-148,-175,-118,-141,-54,-64,-64,-72,-126,-27,-154,-122,12,
-201,-112,-97,-75,-194,-157,-130,-112,-64,-76,-71,-29,-135,-41,-121,-111,12,
-186,-136,-134,-72,-182,-134,-109,-149,-63,-71,-83,-248,-119,-16,-129,-150,12,
-191,-120,-120,-68,-175,-109,-89,-111,-56,-68,-96,-103,-121,-50,-178,-142,13,
-172,-190,-108,-49,-164,-155,-95,-103,-41,-54,-104,-156,-137,-36,-150,-82,13,
-178,-158,-95,-73,-114,-161,-114,-106,-59,-71,-90,-205,-133,-6,-112,-121,13,
-188,-133,-114,-69,-145,-134,-112,-128,-57,-69,-101,-151,-111,5,-179,-125,13,
-167,-258,-111,-69,-139,-154,-130,-117,-54,-65,-90,-108,-134,-10,-165,-126,13,
-216,-160,-105,-66,-164,-117,-117,-95,-51,-61,-59,-38,-182,-21,-95,-133,13,
-209,-256,-82,-53,-182,-163,-116,-116,-38,-50,-120,-86,-140,-3,-148,-107,14,
-205,-138,-96,-57,-105,-90,-117,-119,-44,-56,-129,-115,-94,-16,-147,-80,14,
-185,-104,-87,-59,-153,-118,-120,-113,-45,-56,-128,-126,-165,-41,-154,-129,14,
-194,-132,-79,-57,-172,-61,-111,-109,-41,-52,-62,-99,-134,-50,-156,-140,14,
-205,-168,-74,-49,-171,-129,-85,-94,-34,-44,-172,-61,-142,-61,-161,-116,14,
-134,-48,-72,-30,-103,-109,-84,-100,-16,-28,-83,-241,-151,-2,-119,-85,14,
-110,-205,-102,-55,-156,-65,-115,-140,-47,-57,-69,-107,-227,-16,-167,-135,15,
-182,-203,-70,-62,-185,-158,-131,-137,-51,-61,-135,-21,-166,-60,-155,-176,15,
-202,-126,-104,-55,-122,-147,-124,-103,-41,-53,4,-151,-151,-35,-103,-136,15,
-147,-146,-99,-54,-170,-119,-104,-113,-41,-51,-112,-169,-122,1,-98,-98,15,
-206,-188,-79,-60,-162,-116,-115,-112,-52,-59,-92,-164,-148,-24,-161,-126,15,
-167,-95,-91,-54,-146,-97,-109,-100,-45,-55,-72,-80,-123,-7,-76,-94,15,
-130,-90,-75,-30,-114,-66,-111,-89,-24,-36,-65,-80,-88,27,-125,-63,16,
-144,-56,-54,-23,-104,-78,-49,-65,-15,-24,-37,-65,-147,19,-59,-57,16,
-175,-96,-85,-59,-155,-141,-72,-98,-45,-57,-36,-116,-112,-48,-84,-86,16,
-103,-85,-68,-47,-149,-118,-86,-89,-33,-42,-21,-140,-118,11,-136,-136,16,
-174,-104,-69,-56,-122,-90,-74,-79,-35,-44,-63,-39,-78,-14,-117,-79,16,
-157,-72,-90,-69,-157,-81,-100,-95,-51,-59,-62,-41,-116,-12,-113,-92,16,
-158,-74,-89,-74,-127,-107,-116,-88,-54,-66,-18,-152,-124,-42,-108,-165,17,
-175,-106,-63,-56,-89,-114,-107,-74,-35,-47,-73,-64,-111,-16,-169,-128,17,
-98,-82,-65,-59,-76,-93,-114,-112,-38,-55,-31,-194,-98,-8,-159,-101,17,
-143,-95,-74,-57,-167,-147,-78,-143,-67,-71,-82,-150,-155,-36,-117,-105,17,
-195,-85,-74,-44,-156,-112,-98,-85,-58,-62,-55,-51,-157,4,-127,-76,17,
-169,-92,-71,-40,-115,-177,-78,-70,-42,-47,-74,-53,-96,-29,-66,-79,17,
-163,-80,-58,-67,-162,-98,-97,-90,-36,-45,-114,-120,-101,8,-66,-42,18,
-124,-128,-30,-37,-69,-93,-55,-64,-9,-16,-29,-118,-37,23,-83,-90,18,
-87,-71,-66,-58,-108,-71,-106,-104,-34,-45,-59,-4,-110,3,-74,-31,18,
-135,-68,-46,-42,-94,-65,-73,-85,-21,-37,-78,-77,-92,-4,-90,-27,18,
-190,-83,-55,-67,-130,-121,-113,-103,-43,-59,-58,-35,-135,-9,-106,-73,18,
-180,-136,-94,-60,-115,-87,-107,-117,-42,-55,-42,-50,-115,-42,-105,-98,18,
-150,-92,-82,-49,-149,-105,-86,-113,-36,-47,-36,-31,-117,0,-99,-108,19,
-158,-126,-80,-54,-152,-143,-66,-104,-42,-52,-77,-127,-144,-39,-51,-102,19,
-188,-188,-78,-65,-99,-132,-119,-98,-49,-59,-128,-126,-117,-58,-148,-100,19,
-148,-158,-78,-58,-87,-101,-89,-133,-43,-53,-49,-126,-164,-44,-111,-113,19,
-138,-182,-71,-48,-115,-122,-104,-98,-34,-44,-8,-153,-132,-19,-129,-85,19,
-159,-142,-78,-64,-126,-122,-67,-117,-51,-61,-84,-141,-96,-49,-111,-110,19,
-200,-180,-106,-67,-160,-129,-131,-131,-54,-67,-90,-161,-161,-51,-139,-106,20,
-140,-154,-101,-37,-93,-79,-66,-98,-27,-35,-111,2,-112,-4,-73,-48,20,
-143,-224,-76,-59,-147,-93,-119,-122,-45,-58,-47,-195,-188,-67,-147,-121,20,
-180,-172,-70,-56,-151,-139,-99,-127,-39,-53,-84,-158,-111,-67,-157,-103,20,
-194,-242,-97,-60,-146,-137,-101,-102,-37,-51,-101,-151,-189,-93,-141,-121,20,
-168,-206,-51,-50,-117,-110,-80,-73,-28,-37,-136,-102,-137,-20,-134,-108,20,
-180,-207,-61,-59,-126,-117,-109,-81,-42,-51,-147,-198,-151,-51,-149,-105,21,
-157,-233,-87,-53,-131,-126,-115,-84,-42,-47,-100,-241,-113,-37,-141,-137,21,
-181,-171,-120,-69,-154,-126,-97,-102,-50,-57,-133,-18,-174,-25,-134,-106,21,
-176,-179,-87,-46,-127,-101,-107,-87,-34,-34,-116,-139,-117,-11,-127,-121,21,
-176,-178,-89,-53,-142,-146,-88,-113,-42,-49,-99,-155,-133,-22,-124,-68,21,
-144,-133,-81,-58,-141,-85,-103,-117,-53,-54,-84,-76,-154,-27,-111,-116,21,
-191,-177,-67,-54,-124,-132,-127,-87,-53,-54,-77,10,-134,-69,-118,-83,22,
-181,-169,-73,-51,-115,-104,-94,-100,-34,-37,-97,-131,-132,-28,-122,-104,22,
-202,-194,-128,-80,-193,-104,-144,-109,-60,-64,-64,-271,-133,-56,-151,-84,22,
-172,-223,-104,-78,-195,-154,-107,-93,-63,-67,-152,-288,-136,-64,-139,-96,22,
-166,-222,-92,-67,-163,-99,-112,-96,-55,-58,-49,-224,-136,-73,-134,-135,22,
-162,-139,-120,-73,-165,-137,-117,-97,-61,-62,-125,72,-157,-44,-120,-75,22,
-203,-222,-104,-78,-180,-123,-112,-127,-69,-73,-139,-225,-110,-47,-152,-114,23,
-160,-115,-92,-51,-172,-122,-106,-77,-43,-44,-90,-124,-109,-70,-121,-70,23,
-157,-228,-93,-64,-140,-98,-98,-81,-56,-52,-74,-57,-90,-22,-125,-92,23,
-153,-164,-118,-70,-138,-87,-108,-70,-56,-59,-108,-149,-87,-53,-126,-71,23,
-179,-220,-141,-80,-140,-104,-120,-131,-67,-68,-155,-133,-98,-60,-166,-160,23,
-138,-207,-114,-65,-128,-147,-115,-67,-47,-49,-35,-83,-101,-13,-97,-81,23,
-181,-149,-104,-69,-155,-137,-101,-118,-47,-48,-65,14,-120,-60,-104,-99,24,
-152,-190,-91,-67,-126,-165,-108,-115,-51,-52,-119,-44,-123,-57,-124,-89,24,
-169,-205,-129,-76,-114,-96,-129,-121,-58,-60,13,-23,-135,-35,-128,-95,24,
-198,-141,-112,-59,-109,-114,-94,-74,-44,-46,-61,-170,-134,-66,-115,-69,24,
-164,-181,-122,-79,-125,-175,-120,-66,-56,-58,-178,50,-118,-34,-119,-140,24,
-169,-147,-76,-80,-133,-157,-127,-121,-63,-66,-86,-181,-117,-44,-153,-113,24,
-162,-267,-106,-68,-137,-119,-135,-107,-51,-50,8,-122,-116,-22,-102,-20,25,
-150,-142,-65,-43,-143,-137,-70,-49,-30,-32,-91,-153,-139,-45,-149,-63,25,
-176,-173,-86,-44,-126,-89,-98,-77,-30,-32,-73,-85,-111,-19,-83,-115,25,
-152,-208,-92,-62,-193,-93,-104,-128,-54,-57,-79,-107,-105,-27,-136,-89,25,
-148,-140,-74,-54,-117,-114,-100,-92,-43,-42,-103,-39,-116,-36,-142,-88,25,
-128,-107,-100,-61,-137,-118,-109,-58,-46,-49,-98,-313,-146,-43,-74,-65,25,
-138,-147,-84,-62,-154,-108,-63,-30,-47,-50,-141,-151,-154,-46,-91,-142,26,
-88,-143,-78,-34,-133,-53,-85,-99,-27,-30,-60,-189,-99,-38,-114,-93,26,
-175,-187,-40,-41,-129,-83,-83,-85,-31,-35,-69,-42,-128,-10,-31,-73,26,
-127,-188,-95,-47,-108,-96,-72,-98,-34,-40,-9,-150,-140,-6,-92,-46,26,
-131,-127,-90,-57,-114,-94,-118,-72,-53,-55,-1,-146,-135,-31,-85,-122,26,
-138,-161,-80,-63,-116,-186,-70,-82,-49,-53,-113,-78,-120,-68,-78,-141,26,
-131,-219,-85,-54,-106,-84,-77,-88,-37,-40,-89,-102,-89,-42,-139,-54,27,
-179,-132,-79,-57,-147,-72,-93,-68,-38,-43,-75,162,-125,-31,-124,-79,27,
-126,-105,-99,-58,-135,-70,-106,-85,-44,-45,-94,-104,-100,-80,-137,-125,27,
-155,-133,-76,-52,-142,-116,-95,-72,-43,-49,-90,-56,-90,-71,-138,-97,27,
-134,-137,-87,-56,-130,-105,-49,-103,-44,-46,-99,-136,-103,-18,-123,-101,27,
-176,-156,-105,-62,-156,-115,-69,-90,-46,-50,-62,-176,-124,-41,-141,-144,27,
-168,-195,-70,-55,-82,-134,-111,-91,-39,-45,-45,-61,-143,-57,-142,-72,28,
-98,-141,-71,-36,-112,-98,-80,-75,-23,-30,-59,-59,-71,-44,-87,-62,28,
-164,-117,-68,-58,-115,-127,-118,-101,-47,-50,-67,-172,-172,-37,-119,-97,28,
-173,-143,-119,-62,-153,-110,-123,-67,-51,-56,-88,-6,-110,-57,-124,-118,28,
-153,-169,-85,-66,-121,-118,-113,-119,-53,-56,-175,-143,-120,-65,-121,-87,28,
-139,-130,-72,-48,-133,-113,-55,-94,-34,-41,-86,-75,-98,-86,-74,-100,28,
-172,-212,-71,-61,-162,-120,-105,-107,-50,-54,-103,-231,-87,-46,-151,-149,29,
-160,-186,-76,-37,-102,-78,-61,-51,-29,-31,-81,-89,-133,-3,-119,-72,29,
-141,-150,-69,-56,-117,-80,-94,-70,-49,-50,-106,-151,-132,-46,-76,-98,29,
-126,-184,-85,-50,-142,-119,-100,-48,-51,-56,-14,-80,-145,-79,-82,-82,29,
-156,-168,-93,-48,-101,-109,-76,-120,-41,-45,-93,-41,-149,-45,-91,-72,29,
-182,-218,-67,-54,-123,-107,-101,-83,-55,-55,-50,-30,-119,-18,-124,-113,29,
-102,-211,-70,-58,-130,-119,-67,-104,-52,-53,-35,-214,-167,-82,-122,-125,30,
-160,-259,-55,-58,-151,-125,-95,-115,-44,-47,-84,-97,-189,-93,-121,-99,30,
-177,-162,-100,-52,-110,-85,-90,-53,-43,-43,-52,-168,-92,-55,-113,-135,30,
-138,-274,-109,-67,-123,-100,-126,-94,-53,-58,-73,-148,-168,-36,-125,-115,30,
-141,-171,-80,-54,-96,-126,-100,-93,-47,-50,-60,-135,-86,-79,-81,-83,30,
-165,-230,-68,-60,-142,-129,-94,-115,-52,-58,-127,-60,-110,-64,-104,-115,30,
-165,-238,-97,-69,-138,-126,-102,-79,-56,-62,-103,-171,-105,-58,-135,-111,31,
-141,-242,-80,-47,-124,-122,-84,-87,-39,-43,-131,36,-57,-67,-130,-37,31,
-135,-216,-94,-45,-90,-92,-59,-106,-33,-37,-10,-97,-121,-87,-93,-74,31,
-127,-227,-106,-70,-127,-101,-100,-117,-53,-55,-125,-146,-133,-80,-87,-88,31,
-101,-246,-101,-56,-83,-109,-93,-91,-44,-49,-163,-63,-141,-31,-132,-107,31,
-120,-157,-58,-44,-121,-127,-71,-96,-35,-36,-103,40,-120,-50,-94,-106,31,
-139,-247,-98,-57,-129,-156,-84,-112,-47,-49,-150,-120,-136,-37,-121,-111,32,
-132,-256,-97,-46,-88,-97,-69,-91,-42,-43,-110,-143,-130,-5,-120,-75,32,
-139,-230,-102,-65,-106,-119,-93,-80,-60,-66,-74,-236,-135,-58,-149,-120,32,
-112,-259,-60,-39,-77,-81,-46,-73,-33,-36,-69,-152,-136,-11,-97,-126,32,
-135,-237,-67,-48,-132,-95,-108,-88,-44,-46,-100,-116,-106,-79,-122,-117,32,
-150,-243,-58,-66,-145,-108,-101,-103,-56,-60,-116,-225,-154,-44,-141,-100,32,
-145,-259,-103,-66,-146,-131,-117,-104,-60,-66,-126,-272,-206,-49,-143,-123,33,
-148,-258,-102,-57,-98,-149,-84,-75,-46,-50,-126,-6,-155,-75,-138,-103,33,
-146,-214,-86,-64,-140,-140,-122,-101,-52,-57,-140,-58,-120,-53,-116,-108,33,
-169,-258,-86,-51,-103,-103,-99,-77,-47,-47,-71,20,-126,-50,-139,-78,33,
-175,-296,-66,-64,-156,-89,-118,-102,-54,-55,-154,-121,-163,-79,-67,-113,33,
-125,-256,-55,-53,-139,-106,-56,-81,-45,-44,-102,-105,-146,-43,-130,-89,33,
-206,-250,-103,-68,-133,-122,-125,-88,-63,-62,-168,-127,-157,-83,-163,-131,34,
-153,-286,-98,-49,-126,-109,-82,-98,-41,-43,-77,-91,-77,-17,-124,-83,34,
-181,-216,-81,-59,-129,-120,-92,-75,-43,-48,-141,-4,-156,-50,-158,-110,34,
-196,-291,-63,-66,-114,-118,-104,-102,-58,-61,-157,-137,-146,-78,-152,-109,34,
-179,-325,-101,-88,-191,-115,-115,-112,-79,-82,-168,-125,-156,-100,-159,-162,34,
-163,-240,-99,-75,-117,-103,-87,-115,-62,-65,-173,-120,-181,-109,-139,-119,34,
-211,-245,-119,-79,-162,-147,-138,-92,-66,-70,-125,-107,-126,-74,-144,-150,35,
-106,-310,-72,-52,-140,-112,-97,-96,-42,-43,-47,-153,-152,-68,-158,-91,35,
-106,-313,-92,-63,-175,-142,-91,-101,-54,-55,-71,17,-129,-54,-137,-115,35,
-139,-239,-109,-62,-177,-100,-99,-87,-54,-54,-170,-188,-153,-55,-98,-108,35,
-162,-266,-110,-65,-143,-167,-127,-81,-65,-66,-136,-189,-132,-60,-115,-132,35,
-144,-278,-81,-48,-134,-108,-116,-107,-53,-51,-94,-236,-161,4,-111,-87,35,
-167,-223,-73,-51,-101,-79,-94,-87,-47,-48,-152,-140,-144,-52,-137,-115,36,
-73,-284,-73,-33,-85,-96,-76,-88,-30,-28,-162,7,-94,-70,-89,-128,36,
-158,-248,-75,-52,-96,-86,-98,-115,-47,-51,-86,-131,-68,-64,-140,-77,36,
-167,-296,-73,-42,-129,-121,-64,-110,-41,-40,-126,-106,-130,-9,-144,-128,36,
-165,-250,-81,-47,-146,-140,-109,-71,-43,-42,-2,-203,-131,-55,-83,-126,36,
-146,-253,-91,-51,-112,-103,-105,-88,-47,-47,-94,-223,-164,-59,-146,-96,36,
-122,-286,-81,-61,-87,-84,-128,-108,-47,-57,-146,-144,-152,-110,-149,-94,37,
-127,-281,-69,-39,-101,-96,-89,-94,-40,-47,-95,-197,-113,-100,-104,-121,37,
-150,-290,-59,-39,-184,-125,-81,-100,-68,-64,-112,-133,-175,-44,-168,-110,37,
-172,-351,-71,-37,-162,-134,-93,-84,-60,-50,-101,-83,-193,-60,-126,-116,37,
-132,-274,-72,-47,-113,-66,-101,-69,-45,-40,-130,-187,-142,-71,-125,-64,37,
-141,-274,-65,-54,-135,-90,-78,-91,-37,-32,-117,-118,-120,-56,-126,-96,37,
-130,-276,-72,-59,-98,-94,-101,-98,-37,-40,-168,-136,-145,-72,-93,-77,38,
-84,-317,-91,-50,-102,-142,-71,-101,-35,-39,-142,-5,-162,-110,-130,-131,38,
-144,-322,-88,-72,-97,-84,-111,-115,-67,-74,-84,-187,-126,-88,-143,-118,38,
-160,-324,-80,-62,-137,-116,-101,-107,-53,-62,-187,-245,-143,-58,-164,-90,38,
-157,-376,-73,-53,-120,-143,-108,-70,-44,-51,-114,-239,-139,-79,-129,-107,38,
-150,-334,-92,-48,-156,-147,-92,-109,-42,-46,-159,108,-143,-85,-108,-86,38,
-145,-311,-102,-54,-116,-132,-111,-88,-58,-61,-206,-140,-141,-112,-124,-89,39,
-133,-312,-49,-33,-119,-101,-66,-57,-36,-43,-97,-80,-154,-64,-133,-115,39,
-154,-316,-83,-56,-131,-138,-100,-96,-56,-66,-166,-203,-195,-110,-180,-106,39,
-163,-312,-73,-57,-148,-115,-95,-59,-56,-68,-164,-196,-140,-98,-185,-99,39,
-149,-332,-80,-66,-122,-96,-71,-93,-62,-69,-177,-123,-121,-75,-127,-148,39,
-154,-324,-96,-55,-157,-107,-93,-88,-54,-51,-170,-166,-182,-58,-103,-98,39,
-177,-281,-84,-52,-116,-109,-103,-103,-48,-54,-187,-89,-122,-55,-122,-102,40,
-144,-280,-56,-44,-133,-114,-69,-71,-45,-50,-119,-117,-123,-73,-126,-122,40,
-177,-316,-61,-46,-127,-115,-91,-72,-41,-48,-181,-129,-155,-56,-154,-81,40,
-171,-322,-105,-62,-134,-128,-115,-81,-52,-62,-144,-73,-152,-53,-176,-115,40,
-155,-315,-78,-67,-86,-109,-98,-93,-56,-66,-188,-193,-142,-45,-152,-113,40,
-162,-346,-100,-66,-149,-130,-103,-107,-58,-67,-149,-173,-195,-135,-142,-148,40,
-177,-268,-96,-56,-136,-115,-93,-82,-53,-66,-210,-257,-128,-45,-138,-118,41,
-144,-320,-76,-51,-113,-130,-82,-98,-51,-59,-208,-151,-146,-122,-141,-128,41,
-122,-359,-102,-64,-159,-152,-72,-101,-61,-70,-178,-133,-154,-133,-104,-126,41,
-155,-347,-96,-61,-167,-119,-90,-110,-60,-69,-176,-139,-182,-123,-154,-157,41,
-174,-294,-99,-63,-151,-149,-113,-107,-87,-72,-150,-58,-176,-110,-181,-153,41,
-183,-345,-89,-61,-155,-143,-86,-95,-71,-75,-184,-79,-126,-90,-148,-94,41,
-140,-367,-99,-54,-113,-123,-99,-100,-53,-63,-131,-91,-159,-157,-174,-129,42,
-154,-316,-46,-33,-115,-102,-89,-72,-32,-42,-181,-161,-148,-94,-107,-118,42,
-103,-297,-66,-48,-115,-134,-93,-80,-44,-57,-162,-8,-153,-74,-68,-111,42,
-138,-336,-73,-52,-98,-140,-103,-79,-52,-59,-156,-218,-130,-67,-158,-134,42,
-157,-334,-63,-38,-124,-117,-71,-84,-40,-46,-215,-107,-140,-158,-154,-87,42,
-179,-313,-92,-56,-159,-132,-103,-81,-53,-68,-180,-110,-151,-75,-132,-124,42,
-127,-322,-67,-44,-134,-87,-68,-93,-31,-39,-208,-10,-167,-104,-127,-109,43,
-164,-319,-73,-43,-149,-112,-100,-78,-51,-49,-141,-218,-187,-70,-171,-142,43,
-138,-330,-100,-61,-132,-141,-96,-82,-61,-66,-151,-97,-181,-95,-126,-117,43,
-151,-310,-57,-38,-128,-99,-93,-92,-50,-45,-177,-125,-109,-83,-142,-100,43,
-154,-315,-66,-44,-119,-110,-105,-107,-43,-48,-246,-32,-152,-30,-116,-118,43,
-181,-327,-95,-45,-124,-144,-97,-79,-49,-46,-91,-305,-143,-112,-121,-71,43,
-174,-290,-67,-42,-115,-85,-95,-88,-45,-44,-153,-64,-113,-48,-129,-139,44,
-186,-348,-91,-45,-147,-80,-93,-94,-48,-58,-189,-128,-157,-117,-143,-121,44,
-170,-290,-86,-34,-84,-85,-76,-35,-37,-46,-159,-21,-138,-70,-108,-91,44,
-144,-277,-54,-32,-107,-99,-48,-64,-33,-42,-103,-232,-137,-58,-83,-81,44,
-158,-284,-83,-41,-98,-117,-77,-70,-36,-43,-141,1,-104,-138,-116,-109,44,
-128,-320,-74,-42,-130,-93,-87,-85,-36,-44,-233,-127,-123,-56,-127,-101,44,
-146,-294,-68,-42,-54,-112,-66,-80,-30,-38,-79,-159,-114,-103,-90,-103,45,
-115,-273,-59,-14,-83,-82,-59,-53,-9,-19,-113,-157,-108,-81,-109,-80,45,
-105,-232,-19,-18,-83,-58,-51,-35,-19,-26,-95,-80,-136,-18,-41,-87,45,
-128,-246,-34,-34,-128,-84,-51,-47,-26,-33,-150,-16,-150,-54,-139,-107,45,
-162,-252,-74,-32,-112,-88,-63,-82,-32,-35,-162,-8,-120,-59,-93,-81,45,
-89,-254,-81,-36,-111,-106,-67,-84,-27,-36,-100,-147,-111,-44,-110,-73,45,
-94,-252,-49,-25,-82,-75,-61,-47,-19,-27,-108,-184,-107,-56,-114,-84,46,
-123,-225,-39,-10,-87,-91,-61,-55,-8,-16,-144,-34,-118,-22,-116,-78,46,
-122,-284,-45,-25,-91,-96,-62,-59,-17,-23,-88,-81,-99,-16,-117,-83,46,
-121,-242,-74,-42,-110,-54,-62,-57,-41,-39,-86,-79,-103,-115,-80,-93,46,
-112,-269,-31,-22,-81,-65,-39,-50,-13,-16,-88,-80,-79,-26,-79,-63,46,
-162,-260,-92,-48,-117,-111,-60,-100,-47,-45,-161,-199,-129,-117,-151,-101,46,
-141,-253,-76,-42,-140,-106,-70,-74,-39,-45,-188,-63,-132,-64,-112,-86,47,
-116,-193,-39,-24,-99,-75,-70,-38,-19,-27,-81,-217,-107,-20,-85,-95,47,
-94,-229,-68,-37,-137,-87,-69,-78,-34,-39,-111,-131,-128,-30,-117,-116,47,
-128,-214,-63,-45,-82,-127,-83,-75,-47,-54,-93,-116,-136,-78,-138,-81,47,
-130,-177,-31,-32,-85,-90,-89,-76,-31,-39,-58,-132,-128,-44,-73,-87,47,
-96,-218,-42,-32,-100,-81,-69,-38,-28,-34,-60,-213,-153,-55,-95,-44,47,
-104,-235,-75,-39,-85,-100,-82,-58,-35,-43,-88,-145,-95,-76,-98,-107,48,
-110,-197,-48,-8,-67,-55,-43,-38,-15,-19,-67,-104,-57,-6,-64,-66,48,
-95,-226,-18,-20,-67,-70,-39,-59,-28,-32,-116,-12,-58,-20,-94,-36,48,
-120,-215,-57,-27,-94,-97,-63,-78,-27,-33,-91,-132,-100,-48,-132,-58,48,
-117,-212,-59,-39,-103,-95,-74,-100,-39,-45,-32,-65,-149,-70,-150,-59,48,
-95,-192,-27,-41,-126,-79,-77,-68,-36,-44,-101,88,-104,-42,-76,-58,48,
-59,-194,-36,-21,-88,-75,-71,-35,-19,-24,-72,-53,-34,-31,-101,-69,49,
-61,-184,-38,-14,-64,-56,-61,-66,-15,-21,-162,-224,-84,-12,-73,-74,49,
-126,-228,-77,-36,-80,-77,-92,-77,-34,-39,-128,-143,-99,-102,-123,-72,49,
-81,-178,-50,-15,-28,-79,-48,-32,-15,-22,-94,-102,-94,-37,-79,-148,49,
-93,-192,-57,-19,-45,-25,-62,-67,-17,-22,-104,-116,-59,-51,-47,-102,49,
-123,-184,-75,-42,-102,-85,-85,-90,-42,-47,-35,-178,-65,-79,-128,-79,49,
-82,-194,-56,-36,-110,-86,-72,-70,-35,-41,-73,-82,-105,-57,-72,-66,50,
-104,-217,-54,-17,-78,-78,-44,-24,-22,-28,-57,48,-81,-29,-65,-46,50,
-97,-130,-65,-28,-51,-69,-69,-57,-27,-36,-55,-34,-44,-31,-85,-58,50,
-67,-200,-38,-22,-87,-63,-68,-72,-26,-31,-162,-79,-78,-34,-87,-23,50,
-107,-135,-45,-27,-72,-60,-51,-75,-30,-33,-48,-76,-110,-38,-63,-79,50,
-59,-149,-13,-7,-5,-40,-33,-40,-11,-17,2,-109,-48,1,-48,-59,50,
-62,-156,-56,-22,-71,-55,-28,-53,-24,-24,-48,-70,-64,-37,-84,-81,51,
-53,-133,8,5,-106,-20,-20,0,-4,-2,-30,-88,15,-38,-38,-45,51,
-72,-163,-37,-15,-71,-77,-34,-32,-22,-23,14,-31,-86,-4,-55,-47,51,
-78,-77,-31,-16,-56,-54,-45,-47,-22,-19,-19,-78,-151,-27,-21,-66,51,
-94,-128,-28,-16,-50,-45,-44,-55,-24,-21,-146,-13,-59,16,-93,-40,51,
-123,-133,-42,-6,-89,-36,-31,-41,-9,-7,-21,-73,-42,4,-63,-58,51,
-76,-132,-48,-11,-90,-66,-35,-40,-9,-14,-127,-94,-75,13,-76,-46,52,
-52,-92,-3,4,-40,-6,0,1,11,5,-36,-37,-67,-4,-12,-63,52,
-83,-117,-27,-13,-52,-72,-47,-39,-3,-10,-116,-99,-58,-21,-44,8,52,
-39,-135,-31,-12,-33,-61,-37,-34,-6,-10,-95,-45,-88,-24,-72,-27,52,
-84,-81,-26,-9,-29,-49,-44,-35,-2,-6,-19,-58,-75,11,-34,-48,52,
-75,-84,-10,-10,-86,-14,-5,-44,-3,-5,-13,64,-83,-21,-49,-68,52,
-81,-93,-29,-14,-73,-42,-44,-46,-7,-12,1,114,-62,-20,-72,-67,53,
-70,-58,-33,-3,-64,-26,-5,-16,-2,-1,-21,-29,-58,8,-76,-27,53,
-96,-33,-33,-14,-66,-30,-39,-65,-16,-19,-7,-72,-67,11,-50,-70,53,
-74,-112,-54,-26,-97,-26,-73,-21,-26,-32,-54,15,-52,-38,-55,-80,53,
-70,-140,-45,-11,-59,-69,-54,-18,-17,-18,-39,-96,-53,-13,-65,-15,53,
-94,-60,-44,-25,-79,-36,-51,-47,-20,-25,-54,-148,-16,17,-43,-43,53,
-49,-86,-34,-18,-22,-109,-17,-40,-4,-8,-18,-3,-74,9,-70,-39,54,
-23,-11,21,7,-36,-34,-10,-23,19,15,41,-4,-9,35,-6,-57,54,
-73,-92,-28,-8,-56,-72,-27,-23,-10,-13,-13,-83,-60,3,-61,-58,54,
-42,-42,-18,3,-23,-17,-17,12,8,4,19,-57,-49,58,-18,-21,54,
-69,-31,-8,-3,-57,4,-18,-9,1,-6,-16,-102,-71,22,4,-24,54,
20,6,20,1,-25,-23,3,-17,6,6,41,50,-12,20,-43,3,54,
-54,26,6,3,-53,-37,-21,5,5,1,69,-18,16,15,-29,-4,55,
-94,19,-24,-11,-28,-57,-22,-4,-7,-13,69,-80,-20,36,-19,-45,55,
-54,10,-48,-20,3,-68,3,-72,-26,-28,18,-33,11,-2,11,-37,55,
-52,-7,-10,-7,-36,-51,-18,-18,-8,-4,19,-54,-50,4,6,-46,55,
-31,27,-25,-18,-22,-43,-46,-2,-17,-14,-4,-27,-55,-20,-33,1,55,
-56,30,8,12,14,-5,10,5,14,16,-30,-24,-28,65,-63,-35,55,
-46,69,2,2,5,-14,-9,-15,0,4,4,-21,-41,22,26,-52,56,
-12,-20,17,19,5,-21,22,-22,4,10,-25,-71,13,60,-17,-15,56,
-64,42,21,-3,-26,-42,-45,-17,-1,-3,1,27,30,18,25,-58,56,
-91,63,-4,0,-19,-4,-27,-12,7,6,-40,-25,-13,11,21,-35,56,
-50,123,9,-11,12,-30,-13,-6,-11,-14,-19,67,-26,13,-34,-28,56,
-91,67,17,3,-33,-47,13,-3,-19,-15,1,-11,-23,54,-38,-10,56,
-78,28,-29,0,-47,-36,-27,-34,-30,-27,24,-16,-34,48,12,-33,57,
-56,36,33,10,-33,-37,-3,-39,-9,-2,64,69,-46,54,-15,32,57,
-78,89,-35,-29,-29,-45,-51,-7,-23,-22,13,-110,-66,-3,0,-29,57,
5,107,-17,-23,2,-35,-47,-19,-8,-9,27,-66,-30,32,-27,-17,57,
-54,57,-30,-28,-7,-36,-48,-39,-22,-24,5,167,-72,-21,-107,-77,57,
14,84,-29,-8,12,-17,-46,-10,-14,-16,14,87,20,-20,-3,-19,57,
-90,75,-60,-40,-50,-47,-73,-72,-44,-51,-2,-79,-21,-32,-40,-53,58,
-62,55,-17,-4,-35,-57,-24,-41,-14,-16,36,-6,5,21,-33,-28,58,
-48,13,-38,-18,-27,-44,-62,-67,-20,-26,12,96,-25,22,-31,-67,58,
-93,-16,-24,-10,-24,-15,-49,4,-9,-17,-22,50,-11,-16,-40,-15,58,
-45,52,-25,-17,-16,-43,-40,-28,-14,-17,98,8,-20,18,-68,-45,58,
-16,28,-19,-14,17,-32,-31,-39,-9,-17,-14,-115,-27,26,-58,-8,58,
-58,67,-36,-28,-12,-28,-42,-38,-20,-24,-48,29,-55,-1,-75,-98,59,
-21,98,12,-3,-60,6,-7,-8,4,-2,46,34,9,-6,-40,-45,59,
-29,91,-21,-20,-17,-48,-22,-23,-16,-20,9,-95,-28,15,-33,-13,59,
-60,-30,7,-4,-46,-15,6,-23,-6,-11,-18,-6,13,28,-29,-29,59,
-38,-10,22,-14,-23,-27,-31,-46,-7,-14,42,-82,18,25,6,-13,59,
-37,18,-34,-32,-81,-54,-25,-52,-22,-29,42,-48,-89,47,-25,-35,59,
-25,59,1,-10,-5,-24,15,-21,-2,-7,26,40,30,12,-50,-60,60,
-18,14,10,8,-23,-37,9,-7,7,3,15,7,-19,20,0,-21,60,
-48,46,-20,-19,-14,-57,-26,-21,-18,-22,6,-48,-49,-15,-32,-40,60,
-17,61,-4,-10,-26,-32,9,-30,-13,-19,-2,4,-40,32,-42,-45,60,
-40,80,16,10,-23,-28,-2,-16,11,3,27,34,1,22,-17,-21,60,
-45,42,-5,-7,-29,-10,-27,-11,-3,-6,-19,53,-40,18,-19,0,60,
-13,50,-19,-16,-11,-18,-34,-23,-23,-26,51,1,-46,-15,-42,-42,61,
-19,87,20,19,56,45,-2,-23,-1,-3,29,-24,-14,28,-35,-29,61,
-76,41,3,-7,-41,27,-23,-12,-13,-16,27,72,0,31,-10,-13,61,
-25,87,-15,-1,-1,-29,4,-23,-2,-4,49,42,-18,45,-29,-12,61,
-64,127,-25,-6,-49,-57,-24,-24,-8,-13,78,53,9,30,-45,-55,61,
-33,135,13,9,-11,-24,23,-7,14,6,55,94,-14,45,-43,-12,61,
-4,108,-35,-16,-13,1,-41,-14,-5,-8,79,-12,0,20,-47,-39,62,
-10,127,-6,19,13,36,8,46,22,17,97,73,-25,46,7,-18,62,
-47,84,1,-12,-24,-33,-30,-29,-6,-8,70,21,59,38,-27,-25,62,
-69,139,-36,-10,-12,-1,-31,-43,-1,-11,18,15,36,29,-29,-9,62,
-77,90,-19,-7,-39,-22,-4,-6,1,-1,56,112,-66,45,-10,-30,62,
-39,113,-38,-10,-10,-10,5,-3,-1,-7,64,-27,-11,0,-12,13,62,
-75,141,-39,-15,-28,-12,-18,-39,-1,-2,22,57,57,56,39,-36,63,
-15,117,-6,-17,-39,-18,-48,17,-5,-9,31,-128,60,71,17,-52,63,
-1,86,-42,-15,-38,27,-45,-37,-6,-11,9,-34,11,41,-32,-2,63,
-42,65,-47,-16,-39,-96,-47,-9,-14,-21,19,41,10,22,-18,-10,63,
-61,158,-29,-15,-15,-6,-22,-20,-17,-23,-18,75,-32,-13,10,-36,63,
-39,126,-54,-35,-76,-31,-32,-57,-29,-35,-23,-21,-27,-11,-46,-22,63,
-16,93,-45,-8,25,6,-37,-26,-7,-13,-7,-24,3,47,11,-29,64,
-10,177,19,14,58,5,2,32,12,5,39,26,63,53,45,11,64,
-54,140,10,0,-3,-46,-10,-11,12,6,63,58,37,34,4,18,64,
-20,160,5,-2,-43,32,11,66,7,5,97,50,69,65,30,-14,64,
11,158,1,-1,14,7,12,-19,10,5,3,95,6,24,23,2,64,
-14,81,-9,3,-28,-20,-16,-13,10,6,47,69,50,34,43,2,64,
-14,153,-8,0,-41,-24,25,-25,7,3,71,90,32,53,41,1,65,
-41,145,-23,13,35,-2,29,23,8,5,86,3,80,45,21,10,65,
-50,116,-7,3,22,-44,-12,-9,-4,-7,36,55,7,24,37,7,65,
45,142,-12,15,26,-8,15,-18,7,1,99,84,55,52,27,-10,65,
-28,162,12,11,-2,-17,-11,2,11,4,13,78,81,46,15,4,65,
-28,190,-3,-10,8,-33,-18,-9,-4,-10,-50,22,-39,22,16,-5,65,
-15,187,4,-5,45,6,7,3,-2,-5,33,34,-30,20,-10,-35,66,
-10,100,-3,-15,20,11,-10,-20,-13,-18,107,-79,57,11,39,-10,66,
15,206,6,-21,-6,-43,10,-11,-10,-13,91,36,-17,40,-7,-47,66,
-21,167,-3,-8,4,24,26,25,4,-1,123,98,-10,48,28,35,66,
27,132,17,4,-22,-20,16,7,12,8,40,86,45,33,14,44,66,
-2,134,-8,4,17,11,4,-14,7,5,28,75,27,48,46,29,66,
-30,174,10,8,55,-6,0,8,7,15,45,102,-9,69,21,17,67,
50,200,49,10,18,77,37,-15,15,14,25,113,72,52,20,18,67,
5,180,30,16,50,37,34,-2,17,14,70,59,50,37,40,-25,67,
10,197,-20,-27,-20,28,-26,-15,-12,-16,39,21,40,23,-16,0,67,
0,184,-45,-24,-14,22,-39,-17,-14,-18,49,63,20,14,-18,0,67,
11,171,15,-12,42,-4,-15,11,-5,-7,14,86,20,44,13,20,67,
29,199,-23,-14,-6,20,14,-33,-6,-9,105,22,81,-14,-31,-19,68,
48,124,-52,-22,-12,24,-4,-30,-13,-15,33,85,-24,-9,-41,41,68,
-24,160,-43,-29,-27,5,-33,-13,-18,-22,73,112,43,-24,-27,2,68,
-42,169,-6,-15,-7,-16,-12,25,-9,-13,61,-20,59,36,31,-30,68,
-66,115,-17,-14,-8,-31,-35,-1,-7,-10,33,7,18,1,-7,-38,68,
-25,172,-31,-18,22,17,6,3,-9,-10,42,77,-2,29,-11,-13,68,
12,122,-22,-11,-3,-9,-9,-9,0,-10,9,-47,37,32,-31,-20,69,
101,160,7,13,1,50,23,21,18,7,117,60,2,47,49,20,69,
-16,192,-37,-8,2,-24,-27,-26,-1,-7,60,32,32,4,2,-15,69,
-12,171,-26,-13,-2,12,-6,-31,-5,-5,101,-10,24,21,-13,-8,69,
-42,137,-41,-17,-50,-26,-7,-15,-3,-5,64,-59,31,30,14,-4,69,
-4,166,-8,-11,13,19,-21,-20,-3,-9,40,-43,26,42,5,-17,69,
-53,155,-4,-11,-34,8,-23,12,-4,-10,96,75,29,-20,-24,-45,70,
36,192,23,5,23,9,5,26,8,5,57,134,83,45,20,25,70,
46,198,11,14,-17,30,23,13,17,12,13,69,-10,33,7,42,70,
-18,195,26,26,18,-15,-2,11,26,20,88,62,68,75,50,-12,70,
-32,149,-18,8,33,12,-6,-4,12,8,46,7,-1,14,83,20,70,
3,147,-26,1,7,37,16,-3,12,8,47,37,52,29,7,8,70,
-32,176,-15,2,-17,-39,-17,6,10,3,76,21,41,38,-1,-37,71,
-10,97,-38,3,-19,-1,-13,1,12,19,60,44,73,36,21,-17,71,
46,179,-17,-13,24,-40,20,-16,-10,-14,85,-5,69,41,30,18,71,
-15,122,-30,-3,38,7,-12,-40,1,-5,38,3,-13,31,-19,-40,71,
10,69,-28,5,-18,-37,-18,-8,12,6,20,-5,12,37,-21,21,71,
-61,49,-12,-9,-15,-13,-8,-29,-3,-10,11,70,-7,-18,-42,-21,71,
-30,109,-22,-7,2,-9,-3,45,5,-1,28,-28,-3,-2,18,-37,72,
-14,78,-13,-5,-34,-19,-33,10,8,4,15,-7,-70,26,-26,22,72,
-90,35,4,-7,-30,-66,-26,-18,8,5,-37,45,9,4,-47,-29,72,
-15,52,-22,-17,-30,-11,-18,-20,-6,-6,45,21,13,5,-35,-29,72,
-34,79,-44,-30,-40,-46,-34,-35,-17,-21,25,-122,6,-5,-37,-31,72,
-59,40,-34,-11,-7,-23,-9,-18,0,-6,-6,2,-49,27,-22,-48,72,
-68,-54,-67,-37,-53,-24,-18,-21,-30,-34,-5,-143,-34,-13,-88,-47,73,
-10,-10,-37,-20,-72,-3,-28,-36,-9,-11,56,-62,-1,6,-26,-33,73,
-4,1,-21,-28,-78,-61,-29,20,-27,-28,-36,-89,-22,-12,-38,-48,73,
34,-4,7,-13,-33,-37,1,-24,-13,-14,-88,12,48,-15,-11,-51,73,
-34,18,-7,-17,-76,-27,-16,-16,-12,-15,-33,-70,-65,-38,-56,-40,73,
-78,-26,-28,-29,-42,5,-36,-66,-23,-30,-49,-39,-60,-14,-119,-53,73,
-88,3,-37,-19,-42,-58,-33,-60,-18,-23,-8,14,-41,-4,-46,-20,74,
-24,-24,-46,-8,-34,-36,-26,-47,-4,-7,42,-28,1,14,-10,-86,74,
-55,-103,-47,-34,-26,-34,-53,-36,-34,-37,11,-166,-94,-24,-61,-60,74,
-65,-75,-49,-31,-75,-24,-49,-54,-27,-33,-42,95,-64,-45,-41,-28,74,
-29,-125,-23,-16,-67,-28,-43,-32,-11,-25,-52,-93,-50,16,-26,-63,74,
-71,-81,-3,-17,-70,-32,-33,-38,-11,-15,-52,-61,-65,-16,12,-42,74,
-93,-90,-33,-19,-43,-30,-56,-11,-15,-19,-26,-105,-63,-28,-14,-21,75,
26,-58,-4,-5,-61,10,-11,-33,-2,-6,-34,82,-1,10,-37,-36,75,
-51,-128,-51,-16,-77,-19,-33,-33,-9,-17,-90,-85,-68,3,-44,-28,75,
-79,-130,-37,-24,-33,1,-29,-47,-17,-21,-60,-107,-65,-58,-61,-26,75,
-49,-151,-55,-14,-83,-7,-32,-27,-11,-16,-34,-16,-108,-12,-75,-57,75,
-76,-169,-22,-21,-78,-18,-29,-39,-15,-19,-50,-12,-25,-25,-24,-41,75,
-52,-123,-15,-21,-58,-32,-23,-36,-20,-23,-155,-42,-71,-27,-89,-50,76,
-92,-98,-24,-15,-41,-49,-53,-26,-7,-11,-57,-156,-30,-58,-58,5,76,
-46,-90,-51,-17,-53,0,-21,-49,-6,-11,-26,-34,-30,-16,-55,-20,76,
-46,-103,-46,-15,-31,-36,-32,-30,1,-7,14,32,-9,9,-77,-41,76,
-36,-211,-13,-30,-17,-30,-65,-66,-17,-28,-91,14,-76,-57,-76,-67,76,
-72,-98,-19,10,-45,-34,-29,-24,-4,-2,-116,-20,-53,23,6,-17,76,
-157,-119,-45,-10,-88,-54,-21,-27,-30,-27,-101,-109,-109,19,-62,-28,77,
-112,-172,-49,-20,-114,-86,-50,-33,-27,-23,-46,-171,4,-29,-64,-33,77,
-81,-235,-50,-22,-42,-67,-45,-36,-10,-6,-84,-79,-59,-1,-94,-33,77,
-74,-169,-65,-33,-33,-7,-71,-69,-26,-29,3,23,-46,-44,-77,-53,77,
-46,-135,-26,-21,-25,-68,-53,-34,-13,-23,-78,55,-28,-54,-67,-23,77,
-73,-154,-26,-17,-52,-48,-44,-35,-24,-20,-134,-63,-77,-30,1,-30,77,
-78,-240,-42,-21,-51,-63,-30,-35,-16,-27,-79,-87,-53,-43,-57,-48,78,
-48,-261,-34,-8,-65,-46,-44,-28,-4,-14,-22,42,-63,-39,-44,-40,78,
-36,-197,-18,3,6,-12,-18,-19,11,7,-48,-131,-57,0,-51,13,78,
-32,-226,-15,-2,-39,5,-25,-34,10,5,-49,-57,-69,-30,-16,-24,78,
-7,-180,-46,-25,-66,-66,-51,-63,-12,-16,-101,-81,-12,-4,-43,-56,78,
-84,-225,-50,-16,-61,-39,-49,-63,-20,-26,-140,-105,-49,-67,-71,-73,78,
-87,-264,-35,-15,-51,-60,-58,-42,-14,-21,-90,-66,-37,-25,-41,-30,79,
-14,-209,-1,4,-38,-57,-35,-30,3,-2,-82,-53,-59,-62,-5,-52,79,
-84,-219,-30,-18,-18,-86,-43,-25,-14,-16,-103,-151,-124,-12,-38,-72,79,
-95,-233,-23,-19,-37,-71,-23,-32,-16,-24,-130,-64,-93,-51,-64,-71,79,
-88,-211,-57,-24,-92,-68,-22,-47,-16,-26,-44,140,-71,-81,-56,-85,79,
-96,-281,-53,-38,-92,-79,-66,-61,-31,-39,-154,76,-128,-95,-56,-66,79,
-89,-254,-74,-44,-98,-69,-84,-79,-34,-42,-173,-185,-144,-96,-108,-88,80,
-73,-202,-49,-21,-97,-93,-43,-31,-15,-27,-93,-257,-117,-57,-45,-73,80,
-73,-299,-51,-30,-69,-67,-57,-50,-21,-29,-173,20,-114,-49,-103,-89,80,
-103,-298,-51,-15,-51,-85,-35,-41,-23,-21,-128,-120,-83,-107,-66,-77,80,
-52,-278,-44,-20,-97,-38,-48,-10,-16,-23,-106,-81,-136,-54,-90,-9,80,
-65,-285,-39,-25,-83,-65,-39,-45,-16,-25,-166,-82,-124,-89,-89,-93,80,
-99,-295,-47,-36,-78,-76,-55,-58,-30,-33,-87,-183,-46,-54,-81,-68,81,
-94,-234,-28,-27,-67,-97,-23,-46,-23,-31,-163,-15,-100,-87,-118,-80,81,
-91,-206,-59,-44,-80,-101,-64,-65,-40,-49,-113,-154,-127,-50,-102,-99,81,
-103,-265,-66,-38,-74,-83,-65,-53,-40,-51,-167,-78,-150,-69,-126,-72,81,
-108,-270,-54,-40,-83,-104,-78,-69,-36,-40,-212,-112,-124,-56,-86,-41,81,
-96,-263,-70,-38,-71,-48,-66,-49,-34,-42,-174,-282,-119,-84,-99,-94,81,
-68,-243,-20,-1,-27,-24,-21,-16,5,2,-113,-13,-67,-45,-19,-40,82,
-106,-267,-49,-32,-62,-80,-46,-55,-28,-34,-133,124,-117,-97,-37,-65,82,
-119,-267,-63,-42,-68,-87,-70,-58,-56,-45,-122,-267,-61,-86,-81,-76,82,
-128,-282,-67,-31,-116,-100,-51,-72,-37,-37,-100,-52,-86,-67,-73,-70,82,
-120,-225,-55,-35,-74,-101,-75,-52,-29,-32,-146,-119,-91,-86,-114,-60,82,
-121,-342,-67,-37,-135,-78,-51,-67,-40,-42,-208,-230,-73,-61,-106,-43,82,
-68,-263,-40,-31,-69,-63,-53,-47,-30,-43,-104,-177,-108,-15,-63,-67,83,
-88,-269,-39,-25,-98,-95,-50,-24,-34,-28,-95,-30,-112,-92,-94,-52,83,
-96,-282,-40,-32,-114,-99,-56,-57,-33,-37,-212,-8,-109,-81,-65,-90,83,
-83,-291,-77,-42,-112,-63,-64,-58,-42,-49,-63,-127,-124,-79,-88,-76,83,
-109,-238,-53,-32,-75,-105,-54,-41,-32,-36,-149,-166,-78,-68,-93,-79,83,
-109,-277,-60,-31,-89,-103,-50,-52,-25,-33,-141,-166,-81,-94,-97,-85,83,
-85,-196,-42,-34,-74,-64,-68,-61,-40,-36,-58,-243,-94,-105,-77,-95,84,
-116,-241,-35,-19,-80,-84,-54,-49,-29,-26,-227,-82,-114,-104,-33,-16,84,
-93,-292,-46,-39,-111,-81,-48,-32,-35,-41,-141,-220,-72,-90,-76,-53,84,
-98,-278,-66,-41,-109,-106,-61,-77,-36,-43,-166,-116,-135,-117,-76,-81,84,
-92,-298,-79,-67,-123,-134,-84,-86,-51,-58,-201,-76,-87,-92,-129,-99,84,
-106,-308,-96,-71,-110,-91,-89,-72,-65,-59,-180,-178,-141,-65,-109,-130,84,
-73,-244,-68,-48,-117,-108,-77,-70,-46,-41,-124,5,-124,-121,-134,-98,85,
-114,-285,-50,-38,-107,-46,-58,-51,-30,-29,-194,-26,-110,-118,-82,-51,85,
-105,-281,-59,-48,-57,-126,-66,-63,-32,-35,-97,-55,-122,-27,-135,-73,85,
-117,-278,-62,-52,-117,-124,-84,-79,-41,-46,-215,-150,-144,-122,-116,-111,85,
-99,-232,-44,-23,-76,-84,-44,-52,-16,-14,-201,-26,-43,-88,-92,-62,85,
-103,-265,-57,-21,-66,-47,-52,-52,-14,-19,-157,-120,-50,-65,-46,-91,85,
-103,-316,-40,-44,-103,-96,-82,-75,-41,-40,-183,-223,-137,-105,-98,-70,86,
-116,-238,-50,-31,-57,-68,-51,-63,-26,-21,-105,-68,-136,-135,-87,-39,86,
-105,-249,-40,-34,-47,-73,-49,-52,-23,-27,-162,-49,-118,-80,-92,-61,86,
-136,-268,-63,-27,-73,-54,-58,-66,-34,-26,-101,-121,-166,-54,-130,-62,86,
-76,-259,-51,-25,-104,-105,-76,-57,-23,-28,-142,-125,-137,-67,-77,-68,86,
-87,-264,-23,-22,-99,-55,-59,-49,-29,-28,-185,-37,-108,-50,-54,-19,86,
-145,-268,-59,-35,-79,-59,-73,-89,-53,-41,-128,-183,-128,-75,-94,-19,87,
-108,-262,-7,-27,-40,-70,-68,-61,-38,-30,-161,-108,-73,-90,-87,-64,87,
-115,-283,-68,-36,-109,-46,-68,-11,-34,-38,-96,-95,-93,-82,-78,-74,87,
-82,-238,-64,-35,-99,-92,-68,-26,-28,-31,-108,-32,-82,-115,-120,-59,87,
-89,-271,-39,-27,-64,-67,-60,-42,-26,-31,-105,-3,-120,-113,-71,-65,87,
-96,-271,-52,-31,-118,-61,-45,-46,-28,-32,-146,-172,-64,-100,-59,-96,87,
-87,-253,-22,-22,-79,-47,-47,-41,-25,-33,-166,-211,-164,-99,-90,-42,88,
-100,-284,-45,-31,-89,-82,-68,-39,-34,-39,-131,-204,-92,-115,-111,-65,88,
-123,-222,-55,-22,-88,-61,-28,-40,-24,-25,-107,-81,-106,-49,-72,-41,88,
-83,-276,-52,-43,-110,-82,-70,-75,-42,-40,-117,-165,-83,-118,-125,-93,88,
-57,-239,-66,-43,-59,-70,-69,-74,-35,-40,-160,-45,-122,-94,-78,-36,88,
-85,-266,-42,-32,-25,-35,-55,-58,-42,-29,-100,-93,-43,-34,-53,-46,88,
-81,-276,-80,-46,-67,-107,-58,-72,-60,-46,-137,-91,-100,-97,-118,-75,89,
-85,-226,-51,-20,-61,-78,-52,-56,-14,-21,-106,-23,-111,-103,-94,-37,89,
-84,-233,-43,-13,-98,-52,-38,-28,-34,-17,-176,-70,-105,-92,-77,-22,89,
-111,-317,-38,-27,-82,-93,-61,-63,-30,-27,-117,-35,-126,-88,-110,-56,89,
-153,-245,-59,-46,-89,-98,-72,-72,-48,-53,-163,-157,-61,-112,-124,-65,89,
-125,-242,-61,-34,-70,-68,-61,-61,-36,-39,-140,-158,-81,-92,-141,-44,89,
-103,-306,-25,-15,-51,-97,-33,-31,-17,-21,-133,-135,-109,-56,-102,-60,90,
-90,-223,-25,-5,-47,-17,-3,-3,-12,-7,-27,-117,-82,-68,-9,-22,90,
-84,-270,-50,-22,-83,-63,-42,-32,-20,-26,-145,-105,-106,-51,-85,-64,90,
-90,-262,-49,-45,-110,-84,-68,-65,-62,-44,-62,-126,-119,-135,-75,-88,90,
-113,-232,-45,-27,-108,-88,-61,-54,-36,-27,-127,-155,-123,-126,-45,-80,90,
-109,-237,-61,-39,-125,-68,-60,-73,-39,-36,-138,-55,-137,-96,-110,-102,90,
-69,-239,-69,-45,-101,-106,-47,-82,-32,-39,-70,-125,-147,-111,-101,-60,91,
-72,-232,-44,-18,-63,-64,-54,-46,-11,-18,-62,-94,-122,-39,-87,-32,91,
-98,-267,-67,-31,-88,-111,-73,-48,-26,-32,-153,-105,-96,-81,-102,-77,91,
-104,-246,-60,-42,-109,-85,-80,-37,-51,-42,-91,74,-113,-112,-49,-101,91,
-77,-243,-77,-48,-86,-61,-68,-73,-45,-45,-155,-168,-64,-101,-117,-88,91,
-25,-199,-47,-14,-28,-12,-53,1,-17,-14,-158,-55,-58,-28,-67,-82,91,
-57,-216,-58,-27,-98,-87,-60,-55,-32,-29,-135,25,-85,-125,-78,-84,92,
-73,-220,-29,-24,-74,-57,-43,-60,-12,-21,-170,-155,-59,-122,-98,-69,92,
-50,-238,-57,-30,-70,-85,-39,-62,-17,-24,-162,-139,-111,-73,-75,-42,92,
-58,-198,-42,-25,-62,-57,-44,-54,-19,-15,-132,-107,-79,-60,-83,-66,92,
-108,-219,-63,-49,-89,-65,-61,-75,-44,-42,-233,-171,-125,-106,-66,-80,92,
-96,-256,-46,-45,-95,-62,-59,-75,-35,-39,-141,-158,-88,-115,-66,-73,92,
-71,-237,-49,-24,-34,-55,-52,-44,-32,-15,-118,-9,-116,-51,-63,-32,93,
-96,-214,-45,-20,-81,-50,-25,-29,-28,-13,-182,-169,-90,-62,-47,-34,93,
-102,-226,-56,-31,-67,-78,-50,-27,-21,-27,-112,-5,-39,-95,-101,-87,93,
-81,-271,-35,-38,-66,-79,-52,-37,-23,-32,-67,-142,-80,-45,-90,-84,93,
-72,-222,-27,-31,-96,-88,-46,-41,-22,-24,-167,-189,-89,-9,-83,-41,93,
-76,-243,-55,-41,-94,-43,-79,-61,-44,-32,-92,-204,-73,-92,-103,-96,93,
-83,-202,-48,-33,-81,-51,-59,-56,-21,-24,-108,-48,-86,-75,-111,-60,94,
-78,-164,-37,-18,-58,-59,-52,-58,-22,-15,-40,27,-92,-43,-63,-2,94,
-90,-238,-18,-17,-51,-81,-45,-35,-12,-17,-94,-156,-74,-28,-34,-28,94,
-84,-222,-65,-31,-88,-62,-65,-85,-37,-35,-155,-20,-100,-25,-70,-50,94,
-98,-187,-53,-46,-85,-85,-68,-80,-51,-43,-108,-109,-71,-94,-65,-78,94,
-58,-180,-3,4,-45,-19,-23,-18,16,10,-42,-93,-60,-24,-36,9,94,
-69,-186,-37,-22,-83,-66,-61,-47,-8,-16,-52,-103,-81,-43,-64,-58,95,
-66,-189,-7,-3,-56,-57,-19,-11,-6,3,-90,-46,-44,-5,-35,-10,95,
-106,-261,-21,-24,-82,-40,-36,-54,-25,-17,-103,-74,-56,-90,-44,-40,95,
-36,-220,-35,-20,-69,-73,-25,-47,-7,-10,-26,-108,-52,-26,-13,-18,95,
-50,-181,-10,-28,-47,-75,-47,-33,-9,-13,-102,64,-47,-38,-53,-57,95,
-61,-177,-49,-22,-48,2,-29,-41,-4,-12,-79,-51,-40,-17,-34,-45,95,
-70,-224,-38,-23,-48,-4,-31,-40,-22,-22,-54,-75,-117,-26,-95,-73,96,
-134,-229,-57,-29,-113,-83,-48,-26,-43,-43,-93,-76,-112,-103,-81,-49,96,
-116,-264,-55,-35,-149,-49,-59,-46,-38,-31,-47,-41,-144,-88,-48,1,96,
-86,-173,-47,-33,-82,-79,-40,-36,-6,-6,-73,-169,-63,-63,-60,-14,96,
-81,-133,-42,-31,-61,-16,-45,-31,4,4,-53,-96,-87,-29,-86,-29,96,
-70,-227,-41,-50,-18,-66,-58,-46,-16,-21,-81,27,-55,-59,-102,-56,96,
-78,-186,-68,-54,-79,-75,-66,-67,-34,-39,-138,-167,-93,-48,-57,-60,97,
16,-156,-40,-8,24,-30,-13,-25,3,-4,-104,-103,-31,20,-17,-60,97,
-78,-204,-46,-26,-64,-75,-43,-40,-16,-24,-139,-85,-78,-26,-60,-80,97,
-53,-187,-31,-38,-57,-66,-70,-56,-30,-30,-133,-60,-26,-43,-53,-68,97,
-27,-149,-40,-33,-87,-76,-63,-22,-28,-30,1,-54,8,8,-73,-66,97,
-52,-173,-30,-28,-48,-46,-56,-14,-23,-27,-121,78,-65,-77,-39,-43,97,
-48,-142,-50,-28,-70,-53,-19,0,-21,-12,-8,-56,-28,-55,-4,-71,98,
-80,-206,-26,-7,-24,-61,-23,-21,4,-1,-53,-156,-70,17,-65,-47,98,
-91,-190,-54,-31,-72,-70,-45,-26,-17,-19,-44,-108,-89,-58,-104,-56,98,
-52,-135,-43,-10,-18,-35,-1,-33,-4,-3,-88,-83,-39,-33,-75,-16,98,
-76,-187,-45,-26,-38,-5,-53,-25,-30,-19,-91,-4,-50,-27,-77,-34,98,
-14,-133,-69,-44,-77,-48,-59,-51,-29,-34,-126,-136,-62,-33,-79,-82,98,
-56,-151,-46,-24,-57,-27,-52,-36,-12,-15,-126,-93,-4,-19,-38,-37,99,
-65,-170,-24,-31,-67,-27,-58,-38,-22,-25,-42,-26,-91,-17,-35,-22,99,
-69,-155,-50,-35,-47,1,-32,-40,-17,-23,-125,-188,-66,-36,-34,-55,99,
-63,-203,-55,-42,-50,-43,-41,-45,-28,-35,-110,-25,-99,-40,-67,-73,99,
-64,-183,-53,-39,-60,-75,-67,-44,-27,-32,-42,-111,-78,-36,-21,-64,99,
-46,-159,-51,-21,-77,-45,-39,-10,-10,-14,-70,-96,-75,-33,7,-34,99,
-45,-171,-27,-30,-34,-22,-49,-32,-11,-17,-106,-203,-59,-60,-86,-40,100,
-41,-132,-40,-28,-48,-41,-48,-15,-10,-17,-147,-105,-27,-68,-21,-76,100,
-50,-154,-2,-19,-45,-15,-19,-26,-6,-8,-66,-26,-14,-13,-59,-32,100,
-49,-171,-38,-37,-46,-80,-50,-7,-18,-24,-52,-75,-52,-8,-95,-57,100,
-75,-181,-14,-36,-55,-80,-36,-47,-29,-23,-108,-106,-78,-122,-70,-75,100,
-64,-158,-15,-26,-66,-64,-28,-51,-10,-16,-40,-59,-40,-25,-22,-61,100,
-85,-162,-29,-18,-24,-20,-36,-8,-12,-4,-13,-79,-51,-49,-59,-31,101,
-22,-132,-38,-13,-55,-39,-27,-32,-17,-12,-28,-96,-53,-27,-44,-63,101,
-52,-172,-38,-24,-43,-51,-36,-46,-16,-23,-77,24,-53,-16,-58,-53,101,
-59,-163,-22,-23,-9,-41,-34,-13,-21,-25,-64,20,-40,-9,-36,-95,101,
-24,-85,-39,-15,-52,-37,-28,-9,-10,-14,-66,-101,-39,-50,-24,-53,101,
-50,-90,4,-35,-68,-40,-44,-36,-31,-25,-27,-21,-53,16,-78,-46,101,
-65,-120,-29,-24,-31,-36,-22,-1,-14,-16,-48,65,6,32,-40,-15,102,
-40,-99,3,-12,-44,-52,-35,-2,-9,-14,-34,-62,-83,-16,-69,-27,102,
-74,-112,-13,-18,-39,-51,-31,-41,-5,-9,-89,-83,-40,0,-50,-28,102,
-18,-100,-39,-21,-67,-6,3,-51,-19,-14,85,-57,21,19,-73,-33,102,
-11,-89,-36,-19,-27,-22,-41,-31,-7,-13,-38,14,6,15,-53,-15,102,
1,-31,-7,-9,-43,-45,-16,-26,1,-8,-9,-13,-86,-44,-61,-37,102,
-4,-97,-19,-28,-20,-26,-37,-59,-10,-18,-29,-34,-57,7,27,-37,103,
0,-77,-14,-9,-23,20,-17,-19,5,-1,-32,-41,-27,-31,-32,-5,103,
-22,-127,17,2,-29,-53,-12,-30,13,6,-98,-17,-45,-1,-4,5,103,
-40,-83,-40,-12,-30,-48,-34,-26,-1,-5,-12,-135,-57,-2,-62,-26,103,
-30,-130,-12,-26,16,-11,-36,-25,-9,-15,20,65,-35,9,-18,-53,103,
-41,-115,-30,-27,-38,-46,-24,-39,-13,-20,16,-52,-22,-8,-52,-34,103,
13,-99,-18,-8,-61,-11,4,-30,9,4,-27,30,-9,-65,-48,-34,104,
7,-46,-34,-14,-16,-32,-31,-30,-1,-7,-12,36,-41,11,-13,-17,104,
-26,-21,-41,-17,-37,-20,6,-19,0,-8,1,30,-24,12,-48,-22,104,
-23,-7,0,-21,13,-33,-19,-26,-3,-8,-7,-45,26,27,-5,-1,104,
9,15,-12,-19,-22,-23,-39,-38,-1,-3,10,-112,-10,25,-2,12,104,
-21,-20,-24,-8,-11,18,-12,-34,13,10,-48,83,9,-31,-59,-28,104,
-39,20,-42,-29,-28,-8,-19,-32,-5,-13,34,-65,-26,-46,-85,-50,105,
33,33,-17,5,42,12,-12,-7,25,19,-37,44,-6,53,33,21,105,
-14,39,-9,-9,1,-26,-6,14,12,8,31,-42,10,-3,-28,-28,105,
-25,93,-2,-12,-4,-14,-10,2,4,0,-11,-6,36,26,17,-28,105,
5,146,-25,-14,-11,-42,-32,-16,-4,-7,103,-81,2,-11,-26,-50,105,
-41,144,-19,-8,9,-7,8,9,8,5,86,-17,13,50,12,-3,105,
50,114,-21,-24,-8,-19,8,-52,-5,-8,50,58,-26,19,-29,4,106,
40,123,13,3,32,45,29,24,13,13,60,-37,24,53,40,27,106,
-10,92,9,-11,-14,10,21,0,1,-1,19,34,33,14,-6,-14,106,
8,178,-20,-9,-16,-7,22,-2,3,-1,69,94,5,69,7,29,106,
-19,96,-18,-25,-2,-26,-16,-34,-8,-14,-32,126,-17,-11,12,-59,106,
-5,127,-12,-25,-34,0,-12,-4,-10,-16,33,75,5,24,-32,-28,106,
-17,133,-23,-20,-2,-44,-29,-9,-9,-12,-4,-61,-2,11,-9,-43,107,
-22,65,5,-2,22,10,21,-14,9,2,58,110,-1,1,-21,-17,107,
-21,80,3,-1,1,5,-2,25,5,-1,50,57,44,20,20,-2,107,
-2,70,13,-1,45,2,43,-5,10,5,71,53,11,86,11,-14,107,
21,159,4,10,-1,53,51,31,19,12,99,56,28,43,12,37,107,
7,70,-19,-7,5,-18,19,-16,5,-4,25,-16,18,41,48,-38,107,
-9,93,-1,-10,-23,-8,16,-7,-7,-13,28,46,39,0,29,-23,108,
6,139,42,15,19,15,16,23,20,18,67,119,30,81,67,32,108,
21,177,-12,-3,14,-13,-18,16,8,1,45,89,6,47,46,18,108,
35,167,22,-13,5,27,14,-27,-3,-10,-5,-39,-2,22,2,-3,108,
-29,108,-14,4,-53,-9,-7,48,8,3,102,12,-35,37,-16,-40,108,
-10,161,-17,-2,14,30,9,15,7,0,-27,-3,-12,65,31,-27,108,
3,161,21,-11,-26,11,24,4,1,-1,104,56,55,69,50,53,109,
31,161,-17,6,31,-1,-15,10,18,22,103,69,-17,17,2,-11,109,
-5,142,-28,-17,23,-48,36,-19,-1,-4,138,108,54,7,51,-5,109,
15,171,-3,-10,-2,-12,12,26,5,4,90,38,30,2,19,-9,109,
50,191,17,0,21,0,9,7,14,12,117,82,33,82,34,32,109,
13,185,-1,-1,60,28,19,-14,9,7,121,116,56,57,18,3,109,
55,129,22,-3,-3,48,1,-14,9,0,87,137,18,64,39,4,110,
40,183,52,12,29,53,9,9,20,15,121,83,83,62,70,11,110,
72,286,-16,7,49,58,-7,2,22,19,111,13,130,69,26,37,110,
26,263,-24,-6,-1,14,-2,9,6,6,108,118,79,48,30,36,110,
34,287,19,-5,-7,21,25,28,13,7,75,39,63,45,49,-13,110,
45,209,12,-1,43,37,-4,-14,7,5,59,57,30,54,32,-5,110,
42,257,10,4,18,51,36,-5,8,4,107,3,12,19,-27,47,111,
40,250,22,19,39,52,13,1,29,28,87,67,100,95,69,-12,111,
30,324,56,27,102,39,21,21,37,36,141,85,54,91,72,70,111,
-9,233,0,-2,62,28,-1,-4,4,0,122,82,91,69,3,45,111,
11,263,-4,1,20,31,12,-40,7,-1,152,81,63,73,30,31,111,
50,305,28,0,19,5,26,20,10,6,158,66,84,54,63,25,111,
34,301,25,4,51,34,21,2,11,11,139,131,96,60,86,39,112,
115,268,45,15,37,36,54,-1,20,19,142,112,131,33,69,46,112,
94,315,27,3,11,20,24,49,10,11,160,123,74,32,91,63,112,
103,314,-4,5,112,50,46,33,6,3,171,128,95,78,58,43,112,
99,320,46,-6,41,31,42,4,0,-3,116,88,122,66,32,35,112,
54,309,-19,-6,89,13,3,15,0,-1,116,139,102,46,76,80,112,
133,300,17,-17,35,55,35,-4,-12,-13,136,114,86,55,78,20,113,
112,344,35,18,83,72,35,49,21,26,145,127,144,77,122,93,113,
89,323,12,-6,107,17,6,1,5,3,127,40,113,57,62,56,113,
43,298,-5,-3,50,17,15,44,11,13,112,129,78,99,40,95,113,
88,335,68,4,58,82,52,60,12,15,150,143,115,67,69,18,113,
177,313,45,26,46,92,14,67,17,15,172,160,95,76,59,75,113,
165,324,35,6,51,16,18,52,17,18,180,200,129,79,140,96,114,
99,325,19,8,95,71,62,15,28,27,132,58,138,91,109,45,114,
140,313,9,5,74,96,33,26,22,22,157,108,72,81,105,52,114,
141,329,50,7,87,63,39,38,22,24,149,93,124,58,62,90,114,
142,330,7,-2,101,70,17,60,12,13,179,90,144,81,61,101,114,
188,329,11,-1,62,69,50,29,9,8,115,118,134,37,153,70,114,
129,346,80,19,120,33,81,100,30,28,177,147,118,100,150,115,115,
173,340,55,20,107,84,61,40,35,34,165,210,143,100,141,90,115,
191,333,-6,-7,99,114,29,18,9,5,145,153,62,65,62,2,115,
178,336,47,18,52,91,60,74,2,8,92,101,150,69,100,50,115,
175,321,37,26,56,100,65,56,-3,6,149,147,74,85,166,102,115,
162,306,13,22,146,116,43,38,10,22,134,88,102,95,124,98,115,
162,343,48,29,115,147,108,42,39,46,175,139,91,97,135,82,116,
222,355,38,33,149,129,76,39,58,62,227,218,210,123,184,71,116,
395,359,56,13,222,112,68,89,42,42,210,195,173,102,117,73,116,
258,333,-4,-3,175,67,25,48,9,7,162,150,136,51,111,68,116,
187,335,31,5,191,83,55,67,14,11,186,76,122,59,167,103,116,
249,337,24,10,173,41,96,29,22,21,211,193,197,78,145,76,116,
197,314,24,20,105,94,118,91,17,20,195,126,148,87,95,121,117,
261,348,72,32,145,144,75,66,41,38,182,142,196,98,154,129,117,
234,333,43,7,122,28,43,34,24,23,151,165,97,67,109,52,117,
173,322,16,1,94,85,49,84,20,19,183,96,169,78,107,55,117,
197,312,79,3,104,122,52,50,12,12,165,183,192,45,156,112,117,
242,312,36,-3,198,91,52,30,13,11,184,199,161,73,121,114,117,
218,323,65,18,141,118,64,79,35,34,203,106,147,104,201,128,118,
188,305,54,11,133,91,99,59,23,31,193,217,164,87,155,105,118,
271,314,98,22,156,60,77,28,19,26,152,158,187,74,137,96,118,
281,317,72,8,126,118,80,54,16,25,182,193,157,57,148,95,118,
277,335,73,27,206,159,103,76,35,42,178,150,241,101,193,101,118,
320,334,58,29,152,46,68,45,40,48,167,100,167,111,217,102,118,
294,308,-9,10,207,138,29,62,16,23,180,157,171,86,148,77,119,
319,312,72,31,160,163,62,54,39,44,193,147,254,100,151,105,119,
376,318,60,18,118,121,60,92,27,35,158,190,130,85,191,119,119,
393,317,93,21,143,102,98,97,30,32,193,160,232,84,146,150,119,
424,308,85,13,161,66,105,90,20,22,171,219,195,83,152,89,119,
439,302,78,8,196,153,62,72,17,18,153,267,261,72,205,73,119,
450,317,89,37,224,118,83,92,33,37,135,257,276,91,208,85,120,
415,319,73,34,232,141,49,94,32,33,214,178,202,98,146,118,120,
454,316,97,23,239,136,24,76,26,27,198,186,207,93,166,145,120,
459,318,110,30,234,204,106,104,33,37,182,225,221,87,181,111,120,
453,304,66,15,230,165,30,89,18,29,179,246,238,64,159,117,120,
434,301,48,16,226,92,66,125,19,20,216,195,200,77,157,114,120,
478,305,49,22,179,206,95,47,24,28,222,235,234,89,233,174,121,
438,296,96,53,242,181,80,83,26,37,205,243,241,89,215,176,121,
452,297,105,36,250,190,87,79,20,23,191,238,216,91,223,102,121,
508,282,89,7,265,110,112,113,14,24,190,266,221,73,248,158,121,
494,300,58,25,196,234,133,98,33,36,176,181,215,92,287,194,121,
440,294,81,17,259,215,76,135,26,50,220,191,188,93,246,194,121,
467,283,123,8,269,211,88,117,17,25,206,236,200,65,255,161,122,
490,313,91,45,342,214,183,155,43,52,226,260,329,102,311,213,122,
483,301,122,26,347,178,124,175,32,42,219,255,209,91,251,179,122,
500,291,108,13,245,227,121,106,24,39,190,215,252,85,149,175,122,
486,298,112,47,251,181,106,129,35,27,164,218,303,75,256,152,122,
516,317,87,47,317,187,134,156,38,74,208,317,345,89,338,228,122,
485,304,119,39,305,258,146,106,40,54,210,245,320,97,210,180,123,
517,306,102,42,325,216,138,114,34,37,228,273,277,100,245,197,123,
513,291,96,38,260,217,100,108,15,34,182,232,245,80,193,213,123,
497,302,99,58,258,190,99,112,22,39,187,203,288,94,279,218,123,
490,308,125,51,309,184,114,111,33,38,207,254,265,83,246,158,123,
492,303,117,30,298,201,59,169,44,50,204,262,216,98,238,180,123,
481,307,82,49,299,200,144,142,39,43,211,222,257,105,238,205,124,
509,301,126,57,315,228,138,146,39,41,195,310,264,101,288,186,124,
483,310,110,43,276,195,83,158,50,58,222,232,304,106,270,147,124,
505,296,81,22,283,205,122,101,24,42,158,243,307,83,229,159,124,
463,282,101,21,294,230,137,109,18,30,211,192,254,72,236,167,124,
480,287,139,36,299,215,89,97,25,39,210,193,290,94,281,166,124,
456,272,69,13,268,125,69,173,8,13,180,230,167,82,321,148,125,
469,291,71,40,268,157,88,154,19,27,169,220,236,99,210,181,125,
445,278,79,20,259,156,91,112,21,20,200,212,247,68,171,188,125,
412,269,39,30,202,186,81,85,9,10,173,177,255,79,250,167,125,
455,277,89,17,237,121,68,81,10,10,181,232,173,79,158,155,125,
415,260,97,7,201,141,78,95,1,3,155,82,153,54,234,147,125,
431,253,52,-8,190,173,42,116,-4,-5,159,158,188,47,233,152,126,
449,275,54,22,259,146,87,60,16,20,144,171,272,71,208,113,126,
380,254,47,-10,208,147,76,48,-7,7,149,236,230,35,195,116,126,
412,259,58,10,212,185,84,46,9,10,148,167,205,59,223,142,126,
387,251,37,16,136,151,43,52,1,13,100,144,188,46,276,151,126,
394,259,49,4,187,152,101,23,18,21,163,161,252,62,115,150,126,
348,246,100,16,90,172,43,78,12,29,144,173,145,60,211,103,127,
304,281,109,38,167,114,82,108,31,47,136,167,211,101,185,101,127,
337,243,38,-2,147,78,57,96,-2,9,62,123,65,39,160,81,127,
318,243,17,-8,178,118,59,70,-5,-5,108,213,144,59,109,111,127,
261,242,16,5,112,90,53,3,-8,-9,100,177,128,52,82,107,127,
239,239,61,-5,143,145,59,77,-7,-7,119,150,162,62,118,128,127,
176,243,22,2,111,38,17,9,6,2,154,152,105,70,65,4,128,
164,248,38,6,125,102,52,16,8,10,118,154,138,28,41,106,128,
192,230,21,3,49,83,64,17,-5,5,163,94,153,52,89,45,128,
96,232,52,-11,89,59,43,16,-8,-4,133,127,114,51,125,-8,128,
115,213,-40,-25,76,35,21,-23,-23,-23,141,101,37,19,12,49,128,
78,215,8,-16,49,89,-25,-2,-25,-16,115,117,46,26,22,24,128,
5,213,17,-8,43,14,-28,9,-17,-8,128,64,62,12,40,49,129,
105,232,31,-8,67,43,17,27,-5,-9,80,47,106,50,85,40,129,
12,222,11,-1,54,24,-3,-10,-1,-7,104,117,69,29,44,15,129,
47,215,26,-8,-7,12,-10,11,-10,-12,88,77,-3,44,23,32,129,
33,234,-12,12,44,79,78,27,14,8,89,75,46,59,23,6,129,
20,225,30,2,20,27,-3,-19,-7,-10,85,102,48,20,40,-42,129,
-18,198,19,-23,21,-14,-29,-36,-22,-29,57,57,30,11,55,-44,130,
-89,196,19,1,46,-21,-10,-25,6,2,78,57,74,20,63,4,130,
-44,200,-1,-16,38,21,-4,-47,-11,-16,71,-11,6,41,22,6,130,
-23,170,-23,-17,-4,-73,-42,-40,-22,-29,27,-106,61,-4,55,-38,130,
-47,166,-14,-43,-53,-28,-47,-41,-41,-45,42,-100,-15,12,-51,-18,130,
-91,170,-2,-25,-7,-2,-53,-44,-21,-28,48,34,7,5,3,-24,130,
-103,161,-14,-17,-4,-4,-43,9,-15,-16,62,-41,68,5,-11,27,131,
-59,184,-11,-11,-21,-15,-36,-1,-9,-11,18,-95,6,25,-67,-8,131,
-72,161,-48,-29,13,-88,-41,-79,-27,-31,33,193,-26,-1,-39,25,131,
-80,101,-11,-26,-53,-39,1,-41,-20,-27,-24,-13,54,-22,-7,-7,131,
-77,82,-33,-35,-55,27,-45,-48,-23,-29,59,-65,-19,-10,-6,-29,131,
-75,119,-3,-27,-53,-11,-16,-40,-20,-22,9,-14,-37,-33,-104,-64,131,
-107,121,-57,-25,-69,-22,-45,-15,-17,-22,-30,69,-5,-5,-89,-47,132,
-109,146,-23,-32,-95,-58,-54,-49,-27,-29,-59,26,-71,-29,-22,-10,132,
-62,105,18,-20,-45,43,-13,-39,-12,-16,22,55,-17,33,8,-9,132,
-97,123,-19,-12,-8,-66,-43,-45,-5,-9,9,-64,-5,-14,-46,-47,132,
-140,99,19,-1,-41,-11,-10,-16,-1,0,30,-42,-17,8,11,-82,132,
-134,85,-3,-1,-24,-12,-27,15,-4,-2,7,-87,-7,22,-25,-16,132,
