,time_15ch,diff_15ch,nearest_idx,time_lizmil,diff_lizmil
0,52510.048,0.7039999999979045,0,52510.697035881436,0.5538221528861155
1,52510.68,0.6319999999977881,0,52510.697035881436,0.5538221528861155
7,52513.852,0.5499999999956344,0,52510.697035881436,0.5538221528861155
2,52511.238,0.5579999999972642,4,52513.31794071763,0.5538221528861156
6,52513.302,0.34600000000500586,4,52513.31794071763,0.5538221528861156
3,52511.998,0.7600000000020373,1,52511.46146645866,0.7644305772230888
4,52512.434,0.4360000000015134,2,52511.89048361935,0.4290171606864277
5,52512.956,0.521999999997206,3,52512.764118564744,0.8736349453978156
8,52514.506,0.6540000000022701,5,52513.96536661467,0.6474258970358813
9,52515.316,0.8099999999976717,6,52514.77659906397,0.8112324492979726
10,52516.154,0.838000000003376,7,52515.619032761315,0.8424336973478939
11,52516.824,0.6699999999982538,8,52516.289859594384,0.6708268330733222
12,52517.414000000004,0.5900000000037835,9,52516.874882995326,0.5850234009360378
13,52518.062,0.6479999999937718,14,52519.76099843994,0.6552262090483616
17,52520.298,0.6620000000038999,14,52519.76099843994,0.6552262090483616
14,52518.554000000004,0.49200000000564614,12,52518.52854914197,0.5070202808112327
15,52519.062,0.5079999999943539,12,52518.52854914197,0.5070202808112327
16,52519.636,0.5740000000005239,13,52519.10577223089,0.5772230889235566
18,52521.002,0.7039999999979045,16,52520.993447737914,0.6084243369734796
19,52521.520000000004,0.5180000000036671,17,52521.718876755076,0.7254290171606854
20,52522.248,0.727999999995518,17,52521.718876755076,0.7254290171606854
21,52522.82,0.5720000000001164,18,52522.28829953198,0.5694227769110771
22,52523.182,0.36200000000098953,19,52522.92792511701,0.6396255850234009
23,52523.838,0.6560000000026776,22,52524.96380655227,0.6552262090483616
24,52525.090000000004,1.2520000000004075,22,52524.96380655227,0.6552262090483616
25,52525.492,0.4019999999945867,23,52525.57223088924,0.6084243369734779
26,52526.346,0.8539999999993597,24,52526.227457098285,0.6552262090483616
27,52527.23,0.8840000000054715,26,52527.52230889236,0.8190327613104529
28,52527.598,0.36799999999493593,26,52527.52230889236,0.8190327613104529
29,52528.048,0.4500000000043656,27,52528.00592823713,0.4836193447737891
30,52528.738,0.6899999999950523,28,52528.60655226209,0.6006240249610002
31,52529.434,0.6960000000035507,30,52529.82340093604,0.7020280811232453
32,52530.344000000005,0.9100000000034925,31,52530.424024961,0.6006240249609966
33,52531.162000000004,0.8179999999993015,32,52531.03244929798,0.6084243369734779
34,52531.554000000004,0.3919999999998254,33,52531.69547581903,0.6630265210608428
35,52532.21,0.6559999999954016,33,52531.69547581903,0.6630265210608428
36,52532.996,0.7860000000000582,34,52532.483307332295,0.7878315132605316
37,52533.686,0.6900000000023283,36,52533.84056162247,0.6864274570982829
38,52534.186,0.5,36,52533.84056162247,0.6864274570982829
39,52534.758,0.5720000000001164,37,52534.55819032762,0.7176287051482042
40,52535.07,0.31199999999807915,37,52534.55819032762,0.7176287051482042
41,52536.29,1.2200000000011642,38,52535.775039001564,1.2168486739469593
42,52537.15,0.8600000000005821,41,52537.38190327613,0.5538221528861165
43,52537.896,0.7459999999991851,42,52538.06833073323,0.6864274570982829
44,52538.576,0.680000000000291,42,52538.06833073323,0.6864274570982829
45,52539.23,0.6540000000022701,43,52538.71575663027,0.6474258970358804
46,52539.854,0.6239999999961583,44,52539.33978159127,0.6240249609984403
47,52540.55,0.6960000000035507,45,52540.04180967239,0.7020280811232453
48,52541.074,0.5239999999976135,50,52542.69391575663,0.5304212168486728
52,52543.204,0.5239999999976135,50,52542.69391575663,0.5304212168486728
49,52541.672,0.5979999999981374,47,52541.15725429018,0.6006240249609966
50,52542.090000000004,0.4180000000051223,48,52541.57847113885,0.4212168486739465
51,52542.68,0.5899999999965075,49,52542.16349453978,0.5850234009360378
53,52543.696,0.49200000000564614,51,52543.18533541342,0.4914196567862703
54,52544.122,0.42599999999947613,52,52543.60655226209,0.42121684867395004
55,52544.728,0.6059999999997672,53,52544.21497659907,0.6084243369734779
56,52545.122,0.39400000000023283,54,52544.6127925117,0.39781591263650995
57,52545.826,0.7039999999979045,55,52545.32262090484,0.709828393135723
58,52546.514,0.6880000000019209,56,52546.009048361935,0.6864274570982829
59,52547.022000000004,0.5080000000016298,57,52546.51606864275,0.5070202808112327
60,52547.752,0.7299999999959255,62,52549.76099843994,0.7332293291731631
64,52550.258,0.728000000002794,62,52549.76099843994,0.7332293291731631
61,52548.366,0.614000000001397,59,52547.857722308894,0.6084243369734779
62,52549.07,0.7039999999979045,60,52548.56755070203,0.709828393135723
63,52549.53,0.4599999999991269,61,52549.02776911077,0.46021840873635256
65,52550.8,0.5420000000012806,63,52550.2992199688,0.5382215288611576
66,52551.21,0.4099999999962165,64,52550.70483619345,0.4056162246489876
67,52551.874,0.6640000000043074,65,52551.37566302653,0.6708268330733205
68,52552.724,0.8499999999985448,66,52552.22589703588,0.8502340093603706
69,52553.356,0.6319999999977881,67,52552.857722308894,0.6318252730109251
70,52553.93,0.5740000000005239,68,52553.42714508581,0.5694227769110753
71,52554.65,0.7200000000011642,69,52554.15257410297,0.7254290171606854
72,52555.306000000004,0.6560000000026776,70,52554.80780031202,0.6552262090483651
73,52555.83,0.5239999999976135,71,52555.33042121685,0.5226209048361881
74,52556.46,0.6299999999973807,72,52555.962246489864,0.6318252730109251
77,52558.156,0.6300000000046566,72,52555.962246489864,0.6318252730109251
75,52557.026,0.565999999998894,73,52556.53166926678,0.5694227769110753
76,52557.526,0.5,74,52557.03868954758,0.5070202808112327
78,52558.714,0.5579999999972642,76,52558.21653666147,0.5538221528861129
79,52559.14,0.42599999999947613,77,52558.645553822156,0.4290171606864277
80,52559.72,0.5800000000017462,78,52559.222776911076,0.5772230889235601
83,52561.564,0.5799999999944703,78,52559.222776911076,0.5772230889235601
81,52560.352,0.6319999999977881,80,52560.494227769115,0.6318252730109251
82,52560.984000000004,0.6320000000050641,80,52560.494227769115,0.6318252730109251
84,52561.950000000004,0.386000000005879,82,52561.46146645866,0.3900156006240252
85,52562.582,0.6319999999977881,83,52562.093291731675,0.6318252730109251
86,52563.186,0.6039999999993597,84,52562.69391575663,0.6006240249609931
87,52563.622,0.4360000000015134,85,52563.13073322933,0.43681747269891247
88,52564.292,0.6699999999982538,86,52563.801560062406,0.6708268330733205
89,52564.882,0.5899999999965075,87,52564.394383775354,0.5928237129485154
90,52565.44,0.5580000000045402,88,52564.94820592824,0.55382215288612
91,52566.086,0.6460000000006403,89,52565.59563182528,0.6474258970358804
92,52566.562,0.47599999999511056,90,52566.071450858035,0.4758190327613079
93,52567.136,0.5740000000005239,91,52566.64867394696,0.5772230889235601
94,52567.742,0.6059999999997672,92,52567.25709828393,0.6084243369734779
95,52568.366,0.6240000000034343,93,52567.88112324493,0.6240249609984403
96,52569.020000000004,0.6540000000022701,94,52568.53634945398,0.6552262090483651
97,52569.496,0.47599999999511056,95,52569.01216848674,0.4758190327613079
98,52570.044,0.5480000000025029,96,52569.55819032762,0.5460218408736353
99,52570.708,0.6639999999970314,97,52570.22901716069,0.6708268330733205
100,52571.274,0.565999999998894,98,52570.790639625586,0.5616224648985977
101,52571.854,0.5800000000017462,99,52571.36786271451,0.5772230889235601
102,52572.37,0.5160000000032596,100,52571.88268330733,0.5148205928237104
103,52572.764,0.39400000000023283,101,52572.280499219974,0.39781591263650284
104,52573.338,0.5740000000005239,102,52572.857722308894,0.5772230889235601
106,52574.524,0.5799999999944703,102,52572.857722308894,0.5772230889235601
105,52573.944,0.6059999999997672,103,52573.45834633386,0.6006240249610002
107,52575.14,0.6160000000018044,105,52574.659594383775,0.6162246489859626
108,52575.894,0.7540000000008149,106,52575.41622464899,0.7566302652106032
109,52576.458,0.5639999999984866,107,52575.977847113885,0.5616224648985906
110,52576.878000000004,0.42000000000552973,108,52576.39906396256,0.42121684867395004
111,52577.516,0.6379999999990105,109,52577.03868954758,0.6396255850233956
114,52579.744,0.6379999999990105,109,52577.03868954758,0.6396255850233956
112,52578.384,0.8679999999949359,110,52577.91232449298,0.8736349453978249
113,52579.106,0.7220000000015716,111,52578.63775351014,0.7254290171606783
115,52580.432,0.6880000000019209,113,52579.95600624025,0.6864274570982758
116,52581.072,0.6399999999994179,114,52580.59563182528,0.6396255850234098
117,52581.768000000004,0.6960000000035507,115,52581.2976599064,0.7020280811232453
118,52582.44,0.6719999999986612,120,52584.58939157567,0.6708268330733205
119,52583.104,0.6639999999970314,118,52583.29453978159,0.6630265210608428
120,52583.766,0.6620000000038999,118,52583.29453978159,0.6630265210608428
122,52585.054000000004,0.6660000000047148,118,52583.29453978159,0.6630265210608428
121,52584.388,0.6219999999957508,119,52583.91856474259,0.6240249609984403
123,52585.8,0.7459999999991851,121,52585.33042121685,0.7410296411856478
124,52586.462,0.661999999996624,122,52585.993447737914,0.6630265210608428
125,52587.028,0.565999999998894,123,52586.56287051483,0.5694227769110682
129,52589.952,0.5719999999928405,123,52586.56287051483,0.5694227769110682
126,52587.634,0.6059999999997672,124,52587.171294851796,0.608424336973485
127,52588.24,0.6059999999997672,124,52587.171294851796,0.608424336973485
128,52589.380000000005,1.1400000000066939,127,52589.487987519504,0.5616224648985906
130,52590.388,0.4360000000015134,128,52589.9248049922,0.43681747269890536
131,52591.156,0.7680000000036671,129,52590.68923556943,0.764430577223095
132,52591.928,0.771999999997206,129,52590.68923556943,0.764430577223095
133,52592.41,0.4820000000036089,131,52591.94508580343,0.4758190327613079
134,52593.008,0.5979999999981374,132,52592.545709828395,0.6006240249609931
135,52593.532,0.5239999999976135,133,52593.06833073323,0.5226209048362023
136,52594.148,0.6160000000018044,134,52593.68455538222,0.6162246489859626
138,52595.31,0.6219999999957508,134,52593.68455538222,0.6162246489859626
137,52594.688,0.5400000000008731,140,52597.67831513261,0.5382215288611576
141,52597.588,0.934000000001106,140,52597.67831513261,0.5382215288611576
139,52595.958,0.6480000000010477,137,52595.50202808113,0.6474258970358733
140,52596.654,0.6960000000035507,138,52596.196255850235,0.6942277691107677
142,52598.136,0.547999999995227,141,52598.32574102964,0.6474258970358733
143,52598.784,0.6480000000010477,141,52598.32574102964,0.6474258970358733
144,52599.268000000004,0.48400000000401633,142,52598.80936037442,0.48361934477379975
145,52599.840000000004,0.5720000000001164,143,52599.378783151325,0.5694227769110682
146,52600.626000000004,0.7860000000000582,145,52600.790639625586,0.6162246489859626
147,52601.242,0.6159999999945285,145,52600.790639625586,0.6162246489859626
148,52601.994,0.7520000000004075,146,52601.53946957878,0.7488299531981255
149,52602.528,0.5339999999996508,147,52602.07769110765,0.5382215288611576
150,52603.216,0.6880000000019209,148,52602.764118564744,0.6864274570982758
154,52606.132,0.6859999999942374,148,52602.764118564744,0.6864274570982758
151,52603.928,0.7119999999995343,149,52603.47394695788,0.709828393135723
152,52604.684,0.7560000000012224,150,52604.23057722309,0.7566302652106174
153,52605.446,0.7620000000024447,150,52604.23057722309,0.7566302652106174
155,52606.772000000004,0.6400000000066939,153,52606.321060842434,0.6396255850233956
156,52607.24,0.46799999999348074,154,52606.78907956318,0.4680187207488302
157,52607.894,0.6540000000022701,155,52607.44430577223,0.6552262090483651
158,52608.452,0.5579999999972642,156,52608.00592823713,0.5616224648985906
159,52608.984000000004,0.5320000000065193,157,52608.53634945398,0.5304212168486799
160,52610.164000000004,1.180000000000291,158,52609.721996879874,1.1856474258970309
161,52610.646,0.4819999999963329,159,52610.19781591264,0.4758190327613079
162,52611.394,0.7479999999995925,160,52610.946645865835,0.7488299531981397
163,52612.048,0.6540000000022701,161,52611.60187207488,0.6552262090483509
164,52612.68,0.6319999999977881,162,52612.233697347896,0.6318252730109322
165,52613.366,0.6860000000015134,163,52612.920124804994,0.6864274570982758
166,52613.884,0.5179999999963911,164,52613.43494539782,0.5148205928237104
167,52614.506,0.6220000000030268,165,52614.05897035882,0.6240249609984403
168,52615.04,0.5339999999996508,166,52614.597191887675,0.5382215288611576
169,52615.628000000004,0.588000000003376,167,52615.182215288616,0.5850234009360378
170,52616.152,0.5239999999976135,168,52615.70483619345,0.5226209048361881
171,52616.964,0.8119999999980791,169,52616.52386895476,0.8190327613104529
172,52617.57,0.6059999999997672,170,52617.124492979725,0.6006240249610073
173,52618.266,0.6960000000035507,171,52617.826521060844,0.7020280811232453
176,52620.11,0.7039999999979045,171,52617.826521060844,0.7020280811232453
174,52618.724,0.45799999999871943,172,52618.27893915757,0.4524180967238607
175,52619.406,0.6820000000006985,173,52618.96536661467,0.68642745709829
177,52620.748,0.6379999999990105,175,52620.31482059283,0.6396255850233956
178,52621.412000000004,0.6640000000043074,176,52620.977847113885,0.6630265210608428
179,52622.06,0.6479999999937718,177,52621.625273010926,0.6474258970358875
180,52622.78,0.7200000000011642,178,52622.342901716074,0.7176287051482007
181,52623.256,0.4760000000023865,179,52622.81872074883,0.4758190327613221
182,52623.894,0.6379999999990105,180,52623.45834633386,0.6396255850233956
183,52624.51,0.6160000000018044,181,52624.07457098284,0.6162246489859626
184,52625.090000000004,0.5800000000017462,182,52624.65179407177,0.5772230889235459
185,52625.804000000004,0.7139999999999418,184,52626.133853354135,0.7566302652106032
186,52626.566,0.7619999999951688,184,52626.133853354135,0.7566302652106032
187,52627.312,0.7459999999991851,185,52626.88268330733,0.7488299531981397
188,52628.114,0.8020000000033178,186,52627.67831513261,0.7956318252730057
189,52628.744,0.6299999999973807,187,52628.31014040562,0.631825273010918
190,52629.376000000004,0.6320000000050641,188,52628.94976599064,0.6396255850234098
191,52629.868,0.4919999999983702,190,52630.02620904837,0.5928237129485154
192,52630.458,0.5899999999965075,190,52630.02620904837,0.5928237129485154
193,52630.998,0.5400000000008731,191,52630.56443057723,0.5382215288611576
194,52631.62,0.6220000000030268,192,52631.18845553823,0.6240249609984403
195,52632.332,0.7119999999995343,194,52632.608112324495,0.709828393135723
196,52633.038,0.705999999998312,194,52632.608112324495,0.709828393135723
197,52633.67,0.6319999999977881,195,52633.23993759751,0.631825273010918
198,52634.316,0.6460000000006403,196,52633.88736349454,0.6474258970358875
200,52635.536,0.6480000000010477,196,52633.88736349454,0.6474258970358875
199,52634.888,0.5720000000001164,197,52634.456786271454,0.5694227769110825
201,52636.1,0.5639999999984866,199,52635.6736349454,0.5616224648986048
202,52636.814,0.7139999999999418,200,52636.39126365055,0.7176287051482007
203,52637.732,0.9180000000051223,201,52637.311700468024,0.9204368174727051
204,52638.42,0.6879999999946449,203,52638.66895475819,0.6786271450858123
205,52639.092000000004,0.6720000000059372,203,52638.66895475819,0.6786271450858123
206,52639.664000000004,0.5720000000001164,204,52639.238377535105,0.5694227769110682
207,52640.484000000004,0.819999999999709,205,52640.06521060843,0.8268330733229448
208,52641.19,0.705999999998312,207,52641.46926677068,0.7020280811232453
209,52641.894,0.7039999999979045,207,52641.46926677068,0.7020280811232453
210,52642.532,0.6379999999990105,208,52642.108892355696,0.6396255850233956
212,52643.788,0.6419999999998254,208,52642.108892355696,0.6396255850233956
211,52643.146,0.614000000001397,209,52642.72511700468,0.6162246489859626
213,52644.556000000004,0.7680000000036671,211,52644.144773790955,0.7722308892355727
214,52645.072,0.5159999999959837,213,52645.463026521065,0.8112324492979894
215,52645.876000000004,0.8040000000037253,213,52645.463026521065,0.8112324492979894
216,52646.522000000004,0.6460000000006403,217,52648.10733229329,0.6474258970359017
219,52648.522000000004,0.6480000000010477,217,52648.10733229329,0.6474258970359017
217,52647.096,0.5739999999932479,215,52646.67987519501,0.5772230889235459
218,52647.874,0.7780000000057044,216,52647.45990639626,0.7800312012480504
220,52649.128000000004,0.6059999999997672,218,52648.957566302655,0.8502340093603493
221,52649.546,0.4179999999978463,219,52649.441185647425,0.48361934477381396
222,52650.48,0.934000000001106,221,52650.728237129486,0.6630265210608286
223,52651.136,0.6559999999954016,226,52654.00436817473,0.6552262090483509
228,52654.412000000004,0.6560000000026776,226,52654.00436817473,0.6552262090483509
224,52651.906,0.7700000000040745,222,52651.49266770671,0.764430577223095
225,52652.462,0.5559999999968568,223,52652.05429017161,0.5616224648985906
226,52653.036,0.5740000000005239,224,52652.63151326053,0.5772230889235459
227,52653.756,0.7200000000011642,225,52653.34914196568,0.7176287051482291
229,52655.052,0.6399999999994179,227,52654.65179407177,0.6474258970358733
230,52655.724,0.6719999999986612,228,52655.32262090484,0.6708268330733347
231,52656.354,0.6299999999973807,229,52655.95444617785,0.631825273010918
232,52657.042,0.6880000000019209,231,52657.093291731675,0.6162246489859626
233,52657.494,0.45199999999749707,232,52657.65491419657,0.5616224648985906
234,52658.05,0.5560000000041327,232,52657.65491419657,0.5616224648985906
235,52658.542,0.4919999999983702,234,52658.87956318253,0.7410296411856336
236,52659.278,0.7359999999971478,237,52660.90764430578,0.733229329173156
239,52661.302,0.7300000000032014,237,52660.90764430578,0.733229329173156
237,52659.950000000004,0.6720000000059372,235,52659.5503900156,0.6708268330733347
238,52660.572,0.6219999999957508,236,52660.1744149766,0.6240249609984403
240,52661.744,0.4419999999954598,238,52661.34446177848,0.4368174726989196
241,52662.358,0.614000000001397,239,52661.96068642746,0.6162246489859626
242,52663.024,0.6659999999974389,240,52662.63151326053,0.6708268330733063
243,52663.630000000005,0.6060000000070431,241,52663.23213728549,0.6006240249610073
244,52664.178,0.547999999995227,242,52663.77815912637,0.5460218408736353
245,52664.858,0.680000000000291,243,52664.46458658347,0.68642745709829
246,52665.768000000004,0.9100000000034925,245,52666.07925117005,0.6942277691107677
247,52666.472,0.7039999999979045,246,52666.82028081123,0.7410296411856336
248,52667.21,0.7379999999975553,246,52666.82028081123,0.7410296411856336
251,52669.3,0.7400000000052387,246,52666.82028081123,0.7410296411856336
249,52667.904,0.6940000000031432,247,52667.514508580345,0.6942277691107677
250,52668.56,0.6559999999954016,248,52668.16973478939,0.6552262090483509
252,52669.864,0.5639999999984866,251,52670.22121684868,0.7488299531981397
254,52671.356,0.7540000000008149,251,52670.22121684868,0.7488299531981397
253,52670.602,0.7379999999975553,252,52670.97004680188,0.7488299531981113
255,52672.142,0.7860000000000582,253,52671.75787831513,0.787831513260528
256,52672.904,0.7620000000024447,254,52672.52230889236,0.764430577223095
257,52673.362,0.45799999999871943,255,52672.97472698908,0.4524180967238749
258,52674.19,0.8280000000013388,256,52673.801560062406,0.8268330733229163
259,52674.91,0.7200000000011642,257,52674.519188767554,0.7176287051482291
260,52675.542,0.6319999999977881,258,52675.15881435258,0.6396255850233956
261,52676.286,0.7439999999987776,259,52675.899843993764,0.7410296411856336
262,52676.942,0.6560000000026776,260,52676.56287051483,0.663026521060857
263,52677.672,0.7299999999959255,261,52677.296099843996,0.733229329173156
264,52678.188,0.5160000000032596,263,52678.55975039002,0.756630265210589
265,52678.596,0.40799999999580905,263,52678.55975039002,0.756630265210589
266,52678.94,0.3440000000045984,264,52679.04336973479,0.48361934477381396
267,52679.426,0.4859999999971478,264,52679.04336973479,0.48361934477381396
268,52680.006,0.5800000000017462,265,52679.628393135725,0.5850234009360236
269,52680.752,0.7459999999991851,267,52680.931045241814,0.5460218408736353
270,52681.31,0.5579999999972642,268,52681.625273010926,0.6942277691107677
271,52682.006,0.6960000000035507,268,52681.625273010926,0.6942277691107677
272,52682.89,0.8839999999981956,270,52683.02152886116,0.49921996879874087
273,52683.398,0.5080000000016298,270,52683.02152886116,0.49921996879874087
274,52684.292,0.8940000000002328,269,52682.52230889236,0.8970358814352437
275,52684.954,0.661999999996624,272,52684.58159126365,0.6552262090483509
276,52685.57,0.6160000000018044,273,52685.19781591264,0.6162246489859626
277,52686.216,0.6460000000006403,274,52685.84524180968,0.6474258970359017
278,52686.766,0.5500000000029104,276,52686.937285491425,0.5460218408736353
279,52687.306000000004,0.5400000000008731,276,52686.937285491425,0.5460218408736353
280,52687.946,0.6399999999994179,277,52687.576911076445,0.6396255850233956
281,52688.798,0.8519999999989523,279,52688.99656786272,0.6006240249610073
282,52689.37,0.5720000000001164,280,52689.68299531982,0.68642745709829
283,52690.018000000004,0.6480000000010477,285,52692.670514820595,0.6474258970358733
284,52690.69,0.6719999999986612,283,52691.60187207488,0.6708268330733063
285,52691.304000000004,0.614000000001397,282,52690.931045241814,0.608424336973485
286,52691.968,0.6639999999970314,288,52694.456786271454,0.663026521060857
291,52694.826,0.661999999996624,288,52694.456786271454,0.663026521060857
287,52692.394,0.42599999999947613,284,52692.02308892356,0.42121684867396425
288,52693.034,0.6399999999994179,281,52690.32262090484,0.6396255850233956
289,52693.622,0.588000000003376,286,52693.25553822153,0.5850234009360236
290,52694.164000000004,0.5420000000012806,287,52693.79375975039,0.5382215288611576
292,52695.516,0.6900000000023283,289,52695.151014040566,0.6942277691107677
293,52696.268000000004,0.7520000000004075,294,52698.44274570983,0.7488299531981397
297,52698.8,0.7459999999991851,294,52698.44274570983,0.7488299531981397
294,52696.842000000004,0.5740000000005239,291,52696.477067082684,0.5694227769110967
298,52699.374,0.5740000000005239,291,52696.477067082684,0.5694227769110967
295,52697.408,0.565999999998894,292,52697.0464898596,0.5694227769110682
296,52698.054000000004,0.6460000000006403,293,52697.69391575663,0.6474258970358733
299,52700.08,0.705999999998312,296,52699.721996879874,0.709828393135723
300,52700.562,0.4819999999963329,297,52700.20561622465,0.48361934477378554
301,52701.104,0.5420000000012806,298,52700.743837753515,0.5382215288611576
302,52701.702,0.5979999999981374,299,52701.34446177848,0.6006240249610073
303,52702.174,0.4720000000015716,300,52701.812480499226,0.4680187207488302
304,52702.822,0.6480000000010477,302,52703.11513260531,0.6474258970359017
305,52703.47,0.6480000000010477,302,52703.11513260531,0.6474258970359017
306,52704.158,0.6880000000019209,303,52703.801560062406,0.6864274570982616
307,52704.69,0.5319999999992433,304,52704.331981279254,0.5304212168486799
308,52705.19,0.5,305,52704.83120124805,0.4992199687987693
309,52705.798,0.6080000000001746,311,52708.54414976599,0.608424336973485
310,52706.436,0.6379999999990105,307,52706.08705148206,0.6396255850233956
311,52707.23,0.794000000001688,308,52706.874882995326,0.787831513260528
312,52707.886,0.6559999999954016,309,52707.530109204374,0.6552262090483509
313,52708.296,0.41000000000349246,310,52707.93572542902,0.4056162246489805
314,52708.894,0.5979999999981374,315,52711.01684867395,0.6006240249610073
318,52711.368,0.5979999999981374,315,52711.01684867395,0.6006240249610073
315,52709.484000000004,0.5900000000037835,312,52709.129173166926,0.585023400936052
316,52710.058000000005,0.5740000000005239,313,52709.70639625585,0.5772230889235459
317,52710.770000000004,0.7119999999995343,314,52710.41622464899,0.709828393135723
319,52712.048,0.680000000000291,316,52711.70327613105,0.68642745709829
320,52712.456,0.40799999999580905,318,52712.74071762871,0.6396255850233956
321,52713.088,0.6320000000050641,318,52712.74071762871,0.6396255850233956
322,52713.702,0.613999999994121,319,52713.34914196568,0.608424336973485
323,52714.122,0.42000000000552973,321,52714.363182527304,0.585023400936052
324,52714.71,0.5879999999961001,321,52714.363182527304,0.585023400936052
325,52715.358,0.6480000000010477,322,52715.01060842434,0.6474258970358733
326,52715.996,0.6379999999990105,323,52715.650234009365,0.6396255850233956
327,52716.612,0.6160000000018044,325,52716.88268330733,0.608424336973485
328,52717.226,0.614000000001397,325,52716.88268330733,0.608424336973485
329,52717.922,0.6959999999962747,326,52717.58471138846,0.7020280811232453
330,52718.504,0.5820000000021537,327,52718.16193447738,0.5772230889235459
331,52719.166000000005,0.6620000000038999,328,52718.82496099844,0.663026521060857
332,52719.594000000005,0.4279999999998836,329,52719.253978159126,0.4290171606864135
333,52720.256,0.661999999996624,330,52719.91700468019,0.663026521060857
334,52721.01,0.7540000000008149,331,52720.6736349454,0.756630265210589
335,52721.534,0.5239999999976135,332,52721.196255850235,0.5226209048362023
336,52722.51,0.9760000000023865,334,52722.498907956324,0.663026521060857
337,52723.42,0.9099999999962165,336,52723.66115444618,0.5772230889235743
338,52724.0,0.5800000000017462,336,52723.66115444618,0.5772230889235743
339,52724.616,0.6160000000018044,337,52724.27737909517,0.6162246489859626
340,52725.058000000005,0.44200000000273576,338,52724.721996879874,0.4446177847113688
341,52725.656,0.5979999999981374,339,52725.32262090484,0.6006240249610073
342,52726.172,0.5159999999959837,340,52725.837441497664,0.5148205928237246
343,52726.672,0.5,341,52726.33666146646,0.49921996879874087
344,52727.508,0.8360000000029686,342,52727.17909516381,0.8424336973479001
345,52728.122,0.614000000001397,343,52727.78751950078,0.608424336973485
346,52728.818,0.6959999999962747,344,52728.48954758191,0.7020280811232169
347,52729.54,0.7220000000015716,345,52729.21497659907,0.7254290171607067
348,52730.130000000005,0.5900000000037835,349,52731.687675507026,0.5928237129485012
351,52732.014,0.5900000000037835,349,52731.687675507026,0.5928237129485012
349,52730.792,0.661999999996624,347,52730.463026521065,0.663026521060857
350,52731.424,0.6319999999977881,348,52731.09485179408,0.631825273010918
352,52732.594000000005,0.5800000000017462,350,52732.264898595946,0.5772230889235743
353,52733.152,0.5579999999972642,351,52732.826521060844,0.5616224648985906
354,52733.866,0.7139999999999418,352,52733.54414976599,0.7176287051482007
355,52734.586,0.7200000000011642,352,52733.54414976599,0.7176287051482007
356,52735.004,0.4179999999978463,355,52735.28361934478,0.6006240249609789
357,52735.602,0.5979999999981374,355,52735.28361934478,0.6006240249609789
358,52736.24,0.6379999999990105,356,52735.915444617785,0.6318252730109464
359,52736.838,0.5980000000054133,357,52736.51606864275,0.6006240249609789
360,52737.314,0.47599999999511056,358,52736.999687987525,0.48361934477378554
361,52737.798,0.48400000000401633,359,52737.483307332295,0.48361934477381396
365,52739.936,0.48999999999796273,359,52737.483307332295,0.48361934477381396
362,52738.248,0.4499999999970896,360,52737.92792511701,0.4446177847113688
363,52738.83,0.5820000000021537,361,52738.50514820593,0.5772230889235743
364,52739.446,0.6160000000018044,363,52739.6127925117,0.48361934477378554
366,52740.658,0.7220000000015716,364,52740.338221528866,0.7254290171606783
367,52741.222,0.5639999999984866,365,52740.899843993764,0.5616224648985906
368,52741.894,0.6719999999986612,366,52741.57847113885,0.6786271450858123
369,52742.664000000004,0.7700000000040745,367,52742.35070202808,0.7722308892355727
370,52743.116,0.45199999999749707,368,52742.795319812794,0.44461778471139723
371,52743.714,0.5979999999981374,369,52743.39594383776,0.6006240249609789
372,52744.36,0.6460000000006403,372,52745.213416536666,0.639625585023424
374,52745.524,0.6399999999994179,372,52745.213416536666,0.639625585023424
373,52744.884,0.5239999999976135,371,52744.57379095164,0.5226209048361738
375,52746.106,0.5820000000021537,373,52745.790639625586,0.5772230889235459
376,52746.744,0.6379999999990105,374,52746.43026521061,0.6396255850233956
377,52747.146,0.40200000000186265,377,52747.78751950078,0.39781591263653127
378,52747.702,0.5559999999968568,376,52747.389703588145,0.5616224648985906
379,52748.096,0.39400000000023283,375,52746.82808112325,0.39781591263650284
380,52748.71,0.614000000001397,378,52748.39594383776,0.6084243369734565
381,52749.234000000004,0.5240000000048894,379,52748.926365054605,0.5304212168486799
382,52749.908,0.6739999999990687,380,52749.597191887675,0.6708268330733347
383,52750.358,0.4499999999970896,381,52750.16661466459,0.5694227769110682
384,52750.872,0.5140000000028522,382,52750.728237129486,0.5616224648985906
385,52751.61,0.7379999999975553,384,52751.80468018721,0.49921996879874087
386,52752.11,0.5,384,52751.80468018721,0.49921996879874087
387,52752.684,0.5740000000005239,385,52752.38190327613,0.5772230889235459
388,52753.29,0.6059999999997672,386,52752.982527301094,0.6006240249610073
389,52753.684,0.39400000000023283,387,52753.38034321373,0.39781591263650284
390,52754.438,0.7540000000008149,388,52754.13697347894,0.7566302652106174
391,52755.092000000004,0.6540000000022701,389,52754.784399375974,0.6474258970358733
392,52755.51,0.4179999999978463,390,52755.19781591264,0.41341653666145817
393,52755.978,0.4680000000007567,393,52756.72667706708,0.4680187207488302
394,52756.56,0.5819999999948777,395,52757.90452418097,0.5850234009360236
397,52758.206,0.5819999999948777,395,52757.90452418097,0.5850234009360236
395,52757.034,0.47400000000197906,391,52755.6736349454,0.4758190327613079
396,52757.624,0.5900000000037835,394,52757.31950078003,0.5928237129485296
398,52758.78,0.5740000000005239,396,52758.47394695788,0.5694227769110682
399,52759.556000000004,0.7760000000052969,397,52759.253978159126,0.7800312012480504
400,52760.148,0.591999999996915,398,52759.84680187208,0.5928237129485296
401,52760.712,0.5639999999984866,399,52760.40842433698,0.5616224648985906
402,52761.328,0.6160000000018044,400,52761.024648985964,0.6162246489859626
403,52761.836,0.5080000000016298,401,52761.53946957878,0.5148205928237246
404,52762.228,0.3919999999998254,402,52762.08549141966,0.5460218408736353
405,52763.04,0.8119999999980791,403,52762.74071762871,0.6552262090483509
406,52763.646,0.6059999999997672,409,52766.445865834634,0.608424336973485
411,52766.474,0.33800000000337604,409,52766.445865834634,0.608424336973485
407,52764.138,0.4919999999983702,405,52763.90296411857,0.5616224648985906
408,52764.916000000005,0.7780000000057044,406,52764.62059282372,0.7176287051482007
409,52765.556000000004,0.6399999999994179,407,52765.26021840874,0.6396255850233956
410,52766.136,0.5799999999944703,408,52765.837441497664,0.5772230889235743
412,52767.292,0.8179999999993015,411,52767.50670826833,0.5070202808112185
413,52767.806000000004,0.5140000000028522,411,52767.50670826833,0.5070202808112185
414,52768.234000000004,0.4279999999998836,412,52767.93572542902,0.4290171606864419
415,52768.676,0.4419999999954598,413,52768.55195007801,0.6162246489859626
416,52769.438,0.7620000000024447,414,52769.144773790955,0.5928237129485296
417,52770.06,0.6219999999957508,415,52769.76879875195,0.6240249609984403
418,52770.904,0.8440000000045984,417,52771.165054602185,0.608424336973485
419,52771.454,0.5499999999956344,417,52771.165054602185,0.608424336973485
420,52772.084,0.6300000000046566,418,52771.78907956318,0.6240249609984403
421,52772.584,0.5,421,52773.47394695788,0.4992199687987977
422,52772.978,0.39400000000023283,420,52772.97472698908,0.6786271450857839
423,52773.762,0.7839999999996508,416,52770.556630265215,0.787831513260528
424,52774.36,0.5979999999981374,422,52774.06677067083,0.5928237129484728
425,52774.894,0.5339999999996508,428,52777.49110764431,0.5304212168486515
429,52777.312,0.7379999999975553,428,52777.49110764431,0.5304212168486515
430,52777.778,0.46600000000034925,428,52777.49110764431,0.5304212168486515
426,52775.296,0.40200000000186265,424,52775.01060842434,0.4056162246490089
427,52775.902,0.6059999999997672,425,52775.619032761315,0.6084243369734281
428,52776.574,0.6719999999986612,426,52776.289859594384,0.6708268330733631
431,52778.376000000004,0.5980000000054133,429,52778.09173166927,0.6006240249610073
432,52778.99,0.613999999994121,430,52778.707956318256,0.6162246489859626
433,52779.352,0.36200000000098953,431,52779.18377535102,0.4758190327613079
434,52780.138,0.7860000000000582,433,52780.37722308893,0.5226209048361738
435,52780.662000000004,0.5240000000048894,433,52780.37722308893,0.5226209048361738
436,52781.506,0.8439999999973224,435,52781.40686427458,0.3978159126364744
437,52782.308000000005,0.8020000000033178,436,52782.030889235575,0.6240249609984403
438,52782.882,0.5739999999932479,437,52782.60031201248,0.5694227769110967
439,52783.464,0.5820000000021537,438,52783.18533541342,0.585023400936052
440,52784.594000000005,1.1300000000046566,440,52784.316380655226,0.6552262090483509
441,52785.168,0.5739999999932479,441,52784.88580343214,0.5694227769110967
442,52785.742,0.5740000000005239,441,52784.88580343214,0.5694227769110967
443,52786.586,0.8440000000045984,443,52786.31326053043,0.6942277691107961
445,52787.978,0.6880000000019209,443,52786.31326053043,0.6942277691107961
444,52787.29,0.7039999999979045,444,52787.01528861155,0.7020280811232169
446,52788.6,0.6219999999957508,446,52788.31794071763,0.6240249609984403
447,52789.216,0.6160000000018044,447,52788.94196567863,0.6240249609984403
448,52789.880000000005,0.6640000000043074,448,52789.6127925117,0.6708268330733063
449,52790.552,0.6719999999986612,449,52790.28361934478,0.6708268330733063
450,52791.296,0.7439999999987776,450,52791.024648985964,0.7410296411856621
451,52791.894,0.5979999999981374,451,52791.61747269891,0.5928237129485296
452,52792.46,0.565999999998894,452,52792.186895475825,0.5694227769110398
453,52793.18,0.7200000000011642,453,52792.91232449298,0.7254290171607067
454,52793.638,0.45799999999871943,454,52793.36474258971,0.4524180967238749
456,52794.630000000005,0.4500000000043656,454,52793.36474258971,0.4524180967238749
455,52794.18,0.5420000000012806,456,52794.363182527304,0.5850234009359951
457,52795.236000000004,0.6059999999997672,457,52794.96380655227,0.6006240249610073
458,52795.71,0.4739999999947031,458,52795.43962558503,0.4758190327613079
459,52796.376000000004,0.6660000000047148,460,52796.7344773791,0.7254290171607067
460,52797.006,0.6299999999973807,461,52797.358502340096,0.6240249609984403
461,52797.628000000004,0.6220000000030268,461,52797.358502340096,0.6240249609984403
462,52798.26,0.6319999999977881,462,52797.99032761311,0.631825273010918
463,52798.71,0.4499999999970896,463,52798.44274570983,0.45241809672381805
464,52799.268000000004,0.5580000000045402,464,52799.00436817473,0.561622464898619
465,52799.62,0.35199999999895226,465,52799.5503900156,0.5460218408736637
466,52800.35,0.7299999999959255,466,52800.08861154447,0.5382215288611292
467,52800.932,0.5820000000021537,467,52800.665834633386,0.5772230889235743
468,52801.506,0.5740000000005239,468,52801.24305772231,0.5772230889235175
469,52802.004,0.49799999999959255,469,52801.74227769111,0.4992199687987977
470,52802.594000000005,0.5900000000037835,470,52802.33510140406,0.5928237129484728
471,52802.988,0.3939999999929569,471,52802.72511700468,0.3900156006240536
472,52803.65,0.6620000000038999,472,52803.38814352574,0.6630265210608286
473,52804.282,0.6319999999977881,473,52804.019968798755,0.631825273010918
474,52804.888,0.6059999999997672,474,52804.628393135725,0.608424336973485
475,52805.502,0.614000000001397,475,52805.2368174727,0.608424336973485
476,52806.084,0.5820000000021537,478,52807.0464898596,0.5772230889235743
478,52807.304000000004,0.5740000000005239,478,52807.0464898596,0.5772230889235743
477,52806.73,0.6460000000006403,477,52806.46926677068,0.6396255850233956
479,52808.034,0.7299999999959255,479,52807.77971918877,0.7332293291731276
480,52808.672,0.6379999999990105,480,52808.41934477379,0.6396255850233956
481,52809.23,0.5580000000045402,481,52808.97316692668,0.5538221528861413
482,52809.754,0.5239999999976135,482,52809.503588143525,0.5304212168486515
483,52810.148,0.39400000000023283,483,52809.88580343214,0.38221528861157594
484,52810.770000000004,0.6220000000030268,484,52810.51762870515,0.631825273010918
485,52811.974,1.2039999999979045,485,52811.72667706708,1.2090483619344923
486,52812.606,0.6319999999977881,486,52812.358502340096,0.631825273010918
487,52813.4,0.794000000001688,487,52813.15413416537,0.7956318252730057
488,52813.884,0.48399999999674037,491,52815.151014040566,0.48361934477378554
489,52814.416000000005,0.5320000000065193,489,52814.160374414976,0.5304212168486515
490,52814.916000000005,0.5,490,52814.66739469579,0.5070202808112185
491,52815.392,0.47599999999511056,488,52813.62995319813,0.4758190327613079
492,52815.948000000004,0.5560000000041327,492,52815.70483619345,0.5538221528861413
493,52816.602,0.6539999999949941,495,52817.44430577223,0.6552262090483509
494,52817.038,0.4360000000015134,494,52816.78907956318,0.4368174726989196
495,52817.684,0.6460000000006403,493,52816.352262090484,0.6474258970358733
496,52818.258,0.5740000000005239,497,52818.57535101404,0.5694227769110398
497,52818.822,0.5639999999984866,496,52818.00592823713,0.561622464898619
498,52819.462,0.6399999999994179,498,52819.21497659907,0.6396255850233956
499,52820.002,0.5400000000008731,503,52822.06989079563,0.538221528861186
503,52822.314,0.5419999999940046,503,52822.06989079563,0.538221528861186
505,52823.32,0.5400000000008731,503,52822.06989079563,0.538221528861186
500,52820.634,0.6319999999977881,500,52820.39282371295,0.631825273010918
501,52821.322,0.6880000000019209,501,52821.07925117005,0.6864274570982616
502,52821.772000000004,0.4500000000043656,502,52821.53166926678,0.4524180967238749
504,52822.78,0.46600000000034925,504,52822.53790951638,0.4680187207488302
506,52823.994,0.6739999999990687,506,52823.75475819033,0.6786271450858408
507,52824.452,0.45799999999871943,507,52824.21497659907,0.4602184087362957
508,52824.994,0.5420000000012806,505,52823.07613104524,0.5382215288611292
509,52825.558000000005,0.5640000000057626,509,52825.32262090484,0.561622464898619
510,52826.198000000004,0.6399999999994179,510,52825.962246489864,0.6396255850233956
512,52827.426,0.6379999999990105,510,52825.962246489864,0.6396255850233956
511,52826.788,0.5899999999965075,511,52826.55507020281,0.5928237129484728
513,52828.024,0.5979999999981374,513,52827.78751950078,0.6006240249610073
514,52828.844000000005,0.8200000000069849,514,52828.614352574106,0.8268330733229732
515,52829.368,0.5239999999976135,515,52829.13697347894,0.5226209048361738
516,52830.006,0.6379999999990105,516,52829.77659906397,0.6396255850233956
517,52830.712,0.705999999998312,517,52830.4864274571,0.7098283931357514
521,52833.12,0.7039999999979045,517,52830.4864274571,0.7098283931357514
518,52831.342000000004,0.6300000000046566,518,52831.11825273011,0.631825273010918
519,52832.022000000004,0.680000000000291,519,52831.7968798752,0.6786271450857839
520,52832.416000000005,0.39400000000023283,524,52834.54258970359,0.3900156006240536
524,52834.766,0.385999999998603,524,52834.54258970359,0.3900156006240536
522,52833.798,0.6779999999998836,522,52833.56755070203,0.6786271450857839
523,52834.380000000005,0.5820000000021537,523,52834.15257410297,0.585023400936052
525,52835.456,0.6899999999950523,525,52835.22901716069,0.6864274570982616
526,52836.020000000004,0.5640000000057626,528,52836.8592823713,0.5694227769110398
528,52837.086,0.5679999999993015,528,52836.8592823713,0.5694227769110398
532,52839.37,0.5639999999984866,528,52836.8592823713,0.5694227769110398
527,52836.518000000004,0.49799999999959255,527,52836.289859594384,0.4914196567862632
529,52837.502,0.41599999999743886,529,52837.280499219974,0.42121684867396425
530,52838.168,0.6659999999974389,530,52837.951326053044,0.6708268330733063
531,52838.806000000004,0.6380000000062864,533,52839.77659906397,0.631825273010918
533,52839.994,0.6239999999961583,531,52838.57535101404,0.6240249609984403
534,52840.69,0.6960000000035507,534,52840.47082683308,0.6942277691107392
535,52841.346,0.6559999999954016,535,52841.12605304213,0.6552262090484078
536,52841.976,0.6300000000046566,538,52842.92792511701,0.631825273010918
538,52843.148,0.6299999999973807,538,52842.92792511701,0.631825273010918
537,52842.518000000004,0.5420000000012806,537,52842.296099843996,0.5460218408736068
539,52843.786,0.6379999999990105,539,52843.55975039002,0.631825273010918
540,52844.376000000004,0.5900000000037835,540,52844.15257410297,0.5928237129485296
541,52844.958,0.5819999999948777,541,52844.7375975039,0.585023400936052
542,52845.506,0.5480000000025029,542,52845.28361934478,0.5460218408736068
543,52846.138,0.6319999999977881,543,52845.915444617785,0.631825273010918
544,52846.54,0.40200000000186265,544,52846.31326053043,0.39781591263653127
545,52847.244,0.7039999999979045,545,52847.02308892356,0.7098283931356946
546,52847.898,0.6540000000022701,546,52847.67831513261,0.6552262090484078
547,52848.538,0.6399999999994179,547,52848.31794071763,0.6396255850233956
548,52849.16,0.6220000000030268,548,52848.94196567863,0.6240249609984403
549,52849.586,0.42599999999947613,549,52849.363182527304,0.4212168486739074
550,52850.16,0.5740000000005239,550,52849.94040561623,0.5772230889235743
551,52850.726,0.565999999998894,551,52850.50982839314,0.5694227769110967
552,52851.12,0.39400000000023283,552,52850.899843993764,0.39001560062399676
553,52851.79,0.6699999999982538,556,52853.39594383776,0.6708268330733063
554,52852.388,0.5979999999981374,554,52852.16349453978,0.5928237129484728
555,52852.938,0.5500000000029104,555,52852.72511700468,0.561622464898619
556,52853.61,0.6719999999986612,553,52851.57067082683,0.6708268330733631
557,52854.298,0.6880000000019209,557,52854.082371294855,0.6864274570983184
558,52854.806000000004,0.5080000000016298,558,52854.58939157567,0.5070202808112185
559,52855.386,0.5799999999944703,559,52855.1744149766,0.585023400936052
560,52855.904,0.5180000000036671,560,52855.68923556943,0.5148205928236962
561,52856.536,0.6319999999977881,561,52856.321060842434,0.631825273010918
562,52857.026,0.48999999999796273,562,52856.812480499226,0.4914196567862632
563,52857.648,0.6220000000030268,563,52857.436505460224,0.6240249609984403
564,52858.46,0.8119999999980791,564,52858.24773790952,0.811232449297961
565,52858.968,0.5080000000016298,565,52858.75475819033,0.5070202808112754
566,52859.73,0.7620000000024447,566,52859.519188767554,0.7644305772230382
567,52860.172,0.4419999999954598,567,52859.95600624025,0.4368174726989196
568,52860.746,0.5740000000005239,568,52860.53322932918,0.5772230889235743
569,52861.426,0.680000000000291,569,52861.21965678628,0.6864274570982616
570,52861.966,0.5400000000008731,570,52861.750078003126,0.5304212168487084
571,52862.598,0.6319999999977881,571,52862.389703588145,0.6396255850233956
572,52863.244,0.6460000000006403,572,52863.03712948518,0.6474258970358733
573,52863.858,0.614000000001397,573,52863.645553822156,0.608424336973485
574,52864.58,0.7220000000015716,574,52864.37098283932,0.7254290171606499
575,52865.326,0.7459999999991851,575,52865.119812792516,0.7488299531981397
576,52865.94,0.614000000001397,576,52865.728237129486,0.608424336973485
577,52866.604,0.6639999999970314,577,52866.39906396256,0.6708268330733063
578,52867.274,0.6699999999982538,577,52866.39906396256,0.6708268330733063
579,52867.766,0.49200000000564614,579,52867.55351014041,0.44461778471139723
580,52868.388,0.6219999999957508,580,52868.18533541342,0.631825273010918
581,52869.046,0.658000000003085,581,52868.84056162247,0.6552262090483509
582,52869.602,0.5559999999968568,582,52869.394383775354,0.5538221528861413
583,52870.324,0.7220000000015716,583,52870.08081123245,0.6864274570982616
584,52871.208,0.8839999999981956,584,52871.009048361935,0.9282371294851828
585,52871.838,0.6300000000046566,585,52871.64087363495,0.631825273010918
586,52872.756,0.9179999999978463,587,52873.00592823713,0.7956318252730057
587,52873.200000000004,0.4440000000031432,587,52873.00592823713,0.7956318252730057
588,52873.862,0.661999999996624,588,52873.66115444618,0.6552262090483509
589,52874.444,0.5820000000021537,589,52874.24617784712,0.585023400936052
590,52875.264,0.819999999999709,590,52874.9872074883,0.7410296411856052
591,52876.156,0.8919999999998254,591,52875.962246489864,0.9750390015601056
593,52877.754,0.9680000000007567,591,52875.962246489864,0.9750390015601056
592,52876.786,0.6299999999973807,592,52876.58627145086,0.6240249609984403
594,52878.646,0.8919999999998254,595,52878.45834633386,0.6240249609984403
595,52879.292,0.6460000000006403,596,52879.097971918876,0.6396255850233956
596,52880.088,0.7960000000020955,597,52879.8,0.7020280811232169
597,52880.9,0.8119999999980791,599,52881.14945397816,0.7176287051482291
598,52881.342000000004,0.44200000000273576,599,52881.14945397816,0.7176287051482291
599,52881.882,0.5399999999935972,600,52881.69547581903,0.5460218408736068
600,52882.512,0.6300000000046566,598,52880.431825273015,0.631825273010918
601,52882.98,0.4680000000007567,602,52882.97472698908,0.5070202808112754
602,52883.734000000004,0.7540000000008149,603,52883.54414976599,0.5694227769110398
603,52884.234000000004,0.5,604,52884.051170046805,0.5070202808112185
604,52884.792,0.5579999999972642,608,52886.49266770671,0.561622464898619
607,52886.456,0.3539999999993597,608,52886.49266770671,0.561622464898619
605,52885.332,0.5400000000008731,606,52885.31482059283,0.6786271450858408
606,52886.102,0.7699999999967986,607,52885.931045241814,0.6162246489859058
608,52887.298,0.842000000004191,609,52887.11669266771,0.6240249609984403
609,52888.208,0.9099999999962165,611,52888.49734789392,0.7020280811232738
610,52888.618,0.41000000000349246,611,52888.49734789392,0.7020280811232738
611,52889.386,0.7679999999963911,612,52889.207176287055,0.7098283931356946
612,52890.198000000004,0.8120000000053551,614,52890.38502340094,0.4914196567862632
613,52890.616,0.4179999999978463,614,52890.38502340094,0.4914196567862632
614,52891.198000000004,0.5820000000021537,615,52891.01684867395,0.631825273010918
615,52891.82,0.6219999999957508,616,52891.64087363495,0.6240249609984403
616,52892.256,0.4360000000015134,617,52892.35070202808,0.7098283931357514
617,52892.738,0.4819999999963329,618,52892.94352574103,0.5928237129484728
618,52893.786,1.048000000002503,619,52893.55975039002,0.6162246489859626
619,52894.942,1.1560000000026776,621,52894.76879875195,0.5772230889235743
620,52895.68,0.7379999999975553,622,52895.50982839314,0.7410296411856621
621,52896.186,0.5060000000012224,623,52896.009048361935,0.49921996879874087
622,52896.826,0.6399999999994179,624,52896.64867394696,0.6396255850233956
623,52897.506,0.680000000000291,625,52897.33510140406,0.6864274570982616
624,52898.136,0.6299999999973807,626,52897.95912636506,0.6240249609984403
625,52898.62,0.48400000000401633,627,52898.45054602184,0.49141965678632005
626,52899.326,0.705999999998312,628,52899.160374414976,0.7098283931356946
627,52900.432,1.1059999999997672,629,52899.58939157567,0.4290171606864419
628,52901.268000000004,0.8360000000029686,629,52899.58939157567,0.4290171606864419
629,52901.644,0.37599999999656575,629,52899.58939157567,0.4290171606864419
