-11,-6,7,-3,-13,5,-29,-15,-14,-7,0,3,-9,-12,-6,5,233,
-33,-33,-48,-18,-10,-4,-1,-27,-38,-2,-21,-18,-59,-25,-31,-17,233,
-16,-20,-4,10,54,-8,-23,-14,-25,-6,-14,-7,-14,-16,-22,-7,233,
-40,-42,-39,4,66,-40,-20,-35,-40,-44,-30,-26,-33,-37,-39,-24,233,
-8,-10,9,13,-37,-22,-1,4,-8,-15,7,8,-7,-11,-4,2,233,
-30,-31,-57,18,-32,2,-4,-25,-32,-5,-27,-27,-32,-32,-29,-18,233,
13,12,-5,23,-11,24,-8,9,1,19,6,4,7,3,9,12,234,
-9,-11,-23,17,1,5,-14,-6,-18,-37,-4,-10,-9,-10,-8,5,234,
31,19,-36,68,16,53,13,24,6,28,17,13,20,20,13,27,234,
-15,-21,-41,-4,-29,-14,-15,-20,-29,17,-17,-25,-17,-17,-22,-7,234,
34,21,2,47,-1,50,11,26,19,31,31,23,33,36,23,27,234,
-1,-11,2,3,13,-29,-22,-8,-1,-24,-6,-7,4,2,-9,20,234,
11,2,2,7,37,19,38,7,9,-1,7,4,10,9,7,28,235,
-26,-33,-50,-16,-45,-14,-44,-24,-23,-30,-21,-22,-42,-12,-28,8,235,
11,9,2,18,-9,24,-13,16,9,-8,10,9,24,20,8,30,235,
-43,-44,-37,-49,147,2,-13,-39,-40,-47,-51,-49,-41,-42,-54,-12,235,
2,2,-14,48,-37,16,-4,10,-9,11,-3,-7,10,3,-15,15,235,
-34,-35,-34,2,-53,-64,-39,-25,-43,-35,-32,-34,-39,-38,-37,2,235,
23,25,-16,46,6,-9,34,32,12,-14,23,21,29,21,26,48,236,
-26,-26,-40,-8,6,-16,-16,-22,-39,-26,-22,-24,-18,-17,-23,15,236,
24,23,14,27,17,16,-7,11,9,-7,13,4,23,18,7,23,236,
-13,-13,-4,-29,13,3,-46,-15,-21,-11,-14,-21,-10,-11,-24,8,236,
17,14,9,12,-16,46,22,14,10,15,18,12,10,12,11,25,236,
-31,-34,-37,9,-52,-31,-62,-34,-20,7,-32,-39,-31,-31,-27,-12,236,
25,25,-18,38,18,18,4,25,24,-5,16,16,23,18,28,21,237,
-11,-14,-42,14,-71,-14,-50,-15,6,-16,-15,-12,-17,-14,-9,2,237,
45,44,-10,51,21,39,14,37,48,24,32,23,27,27,46,29,237,
-19,-14,7,-13,-59,-29,-27,-22,-12,-1,-22,-28,-27,-29,-13,-10,237,
25,21,0,32,19,-10,-19,19,31,50,20,10,-1,17,26,9,237,
-8,-8,-36,15,11,-5,6,-9,2,-3,-4,-9,-9,-12,0,7,237,
26,26,61,42,14,-34,25,25,23,44,22,8,18,19,19,8,238,
-13,-13,-48,4,-113,-7,-21,-14,-15,-29,-7,-11,-15,-10,-9,-4,238,
14,7,58,25,13,0,12,8,16,-7,5,4,10,10,5,-2,238,
-37,-31,-16,33,147,-51,-32,-29,-32,-27,-28,-21,-26,-27,-24,-17,238,
-5,-4,27,-5,15,-14,12,0,-4,-25,-7,-9,-2,-4,-2,-6,238,
-41,-32,-26,-8,108,-58,-16,-30,-19,-30,-29,-28,-32,-35,-25,-18,238,
-5,-5,-15,-12,-14,1,-3,0,-4,-7,-1,-3,-8,-12,8,1,239,
-43,-39,-56,-37,-33,-28,-24,-40,-40,-27,-34,-30,-67,-56,-36,-24,239,
-5,-4,0,-19,-92,-9,-48,-13,-15,-19,-21,-22,-54,-21,-14,-19,239,
-25,-25,-38,-29,126,-25,-3,-34,-34,-17,-38,-34,-51,-40,-32,-24,239,
-13,-13,-8,-17,59,-22,-36,-13,-5,-28,-9,-11,-23,-15,-2,-18,239,
-28,-23,-45,-38,32,-32,-4,-29,-21,-34,-21,-17,-22,-24,-16,-14,239,
-3,-2,-4,-16,103,-26,-51,-7,5,3,-9,-14,-16,-19,-6,-19,240,
-11,-11,-47,-10,4,-19,25,-7,-3,23,4,7,-5,-12,7,2,240,
7,6,-29,-9,-40,-42,12,5,11,-5,3,0,3,-5,14,0,240,
-6,-9,-34,7,-64,-8,-57,-6,5,-35,-7,-2,-19,-21,3,0,240,
-13,-18,-22,5,-43,-35,-38,-8,-8,1,-15,-16,-19,-23,-4,-14,240,
-19,-25,-32,22,-17,-18,-20,-21,-22,-24,-19,-14,-22,-24,-9,-10,240,
-27,-32,-32,-24,-102,-40,-24,-25,-21,-26,-22,-24,-29,-32,-17,-24,241,
-30,-34,-14,2,156,-4,-40,-28,-24,-3,-20,-16,-26,-28,-12,-17,241,
-36,-34,-45,-15,100,-14,-35,-36,-24,-41,-28,-30,-21,-26,-22,-29,241,
-33,-28,-43,21,65,-31,-67,-28,-22,7,-22,-18,-14,-17,-14,-22,241,
-23,-26,-13,-4,166,-15,-12,-23,-19,-1,-19,-19,-14,-21,-17,-29,241,
-10,-7,-52,12,13,17,-13,-10,-3,6,-6,-5,-1,-6,-2,-11,241,
-25,-25,-43,-37,-139,-11,-64,-22,-21,-21,-25,-30,-11,-17,-21,-26,242,
-15,-15,-31,25,-54,5,-5,-13,-15,-19,-12,-14,-5,-10,-4,-14,242,
-20,-16,10,-5,70,-11,-28,-18,4,6,-20,-20,-17,-19,-18,-24,242,
-15,-14,-33,-34,24,9,18,-12,-11,-22,-12,-6,-6,-9,-10,-14,242,
-47,-45,-38,-47,66,-24,-30,-40,-33,-38,-44,-39,-33,-37,-41,-28,242,
-23,-23,-39,-38,-96,-30,-18,-22,-28,-37,-22,-16,-15,-20,-21,-5,242,
-51,-52,-73,-38,-70,-36,-48,-57,-60,-36,-61,-55,-52,-57,-57,-33,243,
-15,-16,-17,-4,19,0,-34,-13,-19,-43,-19,-13,-19,-22,-11,-2,243,
-41,-44,-75,-31,-68,-67,-73,-50,-45,-29,-48,-46,-40,-43,-45,-30,243,
5,5,1,18,15,2,28,1,3,-26,3,1,-15,16,4,-2,243,
-32,-32,-11,-8,198,-17,-54,-42,-26,-39,-40,-38,-29,-33,-30,-32,243,
11,11,-10,9,-36,-20,-6,7,11,13,11,10,-23,11,23,13,243,
-34,-39,-20,-11,-163,-72,-62,-38,-29,-31,-32,-29,-42,-30,-22,-21,244,
6,3,-8,-16,-3,-24,4,3,9,5,9,9,10,5,22,3,244,
-41,-38,-44,-19,-115,-11,-17,-53,-41,-53,-40,-41,-40,-49,-37,-44,244,
3,4,-12,25,2,22,-26,-8,4,0,8,4,1,-7,14,-10,244,
-53,-45,-80,-28,8,-36,-57,-59,-43,-2,-42,-43,-41,-47,-37,-47,244,
4,6,12,15,8,27,4,-4,5,-16,-1,-7,18,11,0,-21,244,
-37,-33,-51,8,227,-25,-5,-51,-40,-44,-49,-51,-32,-38,-45,-46,245,
22,23,-10,20,1,17,-9,8,36,13,16,9,26,18,18,-3,245,
-28,-24,-8,15,-5,-10,-15,-31,0,-37,-17,-21,-11,-17,-16,-19,245,
32,31,48,3,3,32,5,20,28,58,29,24,40,36,27,16,245,
-20,-21,-5,25,-70,-13,-27,-33,-9,-18,-22,-22,-8,-12,-16,-7,245,
20,16,13,24,3,0,11,8,16,32,15,6,32,26,24,0,245,
-39,-38,-52,-31,-148,-26,-35,-55,-45,-54,-46,-49,-38,-44,-49,-70,246,
-7,-8,-33,-15,-75,-58,-21,-18,-17,-48,-21,-42,-12,-16,-15,-124,246,
-77,-80,-85,-101,-94,-52,-76,-80,-71,-81,-79,-102,-73,-80,-69,-215,246,
0,-10,-12,-3,-10,-23,-17,-5,1,7,-6,-21,-4,-12,-3,-117,246,
-35,-38,-62,-31,113,5,5,-49,-42,-47,-38,-37,-30,-35,-39,-67,246,
12,1,-40,41,17,-40,-14,-7,6,45,4,3,15,9,-3,-18,246,
-30,-37,-43,-11,-59,-61,-9,-38,-27,-36,-30,-27,-25,-30,-37,-25,247,
20,12,-26,-17,7,-38,-46,14,17,-13,20,19,23,18,18,11,247,
-29,-35,-8,15,-16,17,-27,-34,-28,-54,-29,-23,-25,-31,-33,-15,247,
13,3,-10,47,49,4,40,7,18,33,11,6,20,14,9,1,247,
-29,-32,-16,-15,-125,-42,-20,-29,-20,-20,-17,-17,-16,-21,-22,-16,247,
8,3,13,29,-75,-5,16,2,23,-10,5,-1,8,4,0,-2,247,
-22,-18,-23,-43,-25,-10,26,-27,-8,-24,-22,-19,-18,-18,-27,-9,248,
4,2,7,-20,-2,-4,15,1,9,-24,1,2,10,5,5,4,248,
-34,-31,-17,-8,-165,-57,-42,-26,-23,-7,-21,-14,-15,-23,-20,-3,248,
-9,-11,-19,-3,-106,-56,-42,-16,-10,26,-14,-16,-2,-8,-13,-6,248,
-41,-37,-49,-37,-112,-17,-25,-42,-29,-20,-33,-31,-31,-35,-41,-20,248,
-20,-18,10,17,-58,-37,-67,-8,-7,14,-2,-6,5,-3,-13,-5,248,
-60,-52,-56,-51,-185,0,-35,-49,-39,-56,-40,-36,-31,-35,-47,-24,249,
-31,-25,-27,3,-89,3,-7,-11,-10,-17,-8,-7,-5,-7,-10,0,249,
-57,-49,-61,-88,-130,-47,-59,-42,-41,-42,-42,-38,-42,-49,-48,-16,249,
-12,-6,-40,-3,4,-24,-51,1,24,-4,-1,-2,7,2,3,11,249,
-12,-13,-17,3,31,-8,-6,-5,-5,34,-1,0,7,4,-8,10,249,
14,16,1,13,37,11,-30,22,24,1,23,17,37,35,15,24,249,
11,11,12,0,-24,-27,-5,19,25,29,28,29,39,33,18,37,250,
11,10,-12,14,-14,-8,28,21,28,23,26,29,36,30,17,33,250,
-6,-8,-8,40,-63,6,27,-1,-3,-19,4,9,11,5,0,27,250,
-3,-4,-18,-63,35,-4,-35,-5,0,-5,0,0,6,5,-3,18,250,
-4,-6,-28,-13,-103,8,0,-11,-10,-29,1,6,-5,-7,-4,22,250,
-2,-2,5,11,52,4,15,5,10,8,1,2,14,10,-3,17,250,
-10,-11,-7,-16,0,13,7,-5,-5,10,-5,-2,-4,-4,-12,16,251,
-11,-8,-19,-13,-90,-12,-34,2,-5,-22,-1,0,4,-3,-5,15,251,
10,11,-5,9,3,-1,2,11,18,26,14,21,23,16,3,25,251,
-12,-13,-38,20,46,-42,-8,-14,4,-33,-10,-11,-3,-12,-22,-3,251,
1,-3,13,-9,-47,4,-13,-3,0,-22,0,1,8,4,-10,6,251,
-15,-12,28,-3,-42,-31,-36,-13,-4,-27,-7,-11,-4,-8,-11,-8,251,
-2,-4,-27,-24,-28,-11,-30,3,23,0,7,5,18,14,5,5,252,
-20,-20,-46,-11,-37,-42,-17,-17,-17,17,-17,-23,-5,-15,-21,-17,252,
-3,-8,-8,-27,-36,-36,-42,-9,-6,14,-9,-13,-2,-10,-24,-21,252,
-34,-34,-28,-35,-187,-93,-46,-36,-33,-47,-33,-31,-60,-31,-38,-32,252,
-2,-4,-27,-21,-38,-10,-30,-5,-6,-26,-5,-9,-60,-6,-17,-16,252,
-39,-38,-60,-26,59,-73,-59,-40,-37,-49,-40,-43,-27,-34,-52,-42,252,
10,5,-15,-22,10,-26,4,3,12,-1,2,-2,12,5,-10,-13,253,
-20,-18,-26,-29,-119,-75,-27,-19,0,-20,-18,-21,-11,-18,-32,-27,253,
22,18,-16,-35,-17,-25,0,19,41,0,19,16,30,21,13,-4,253,
-20,-22,-42,-36,-151,-76,-48,-21,3,8,-18,-17,-14,-18,-22,-20,253,
32,29,17,6,19,-12,9,31,37,57,35,28,37,34,31,9,253,
-17,-17,-40,-50,13,-33,-17,-17,-7,5,-11,-11,-5,-8,-16,-21,253,
21,16,1,36,-18,0,29,14,27,27,20,18,32,23,10,0,254,
-33,-28,-48,-56,-107,-15,-15,-30,-10,4,-23,-19,-11,-19,-26,-20,254,
-2,-3,-25,-38,-5,-35,-44,2,11,-5,8,10,18,14,6,-4,254,
-44,-42,-17,-52,-136,-47,-61,-38,-12,-12,-24,-21,-16,-22,-38,-32,254,
-10,-10,-14,-23,10,16,-25,-7,17,-2,-1,-3,0,0,-12,-26,254,
-55,-45,-47,-81,94,-8,-50,-59,-46,-60,-52,-46,-52,-44,-62,-60,254,
-14,-8,-5,-10,-14,-10,-39,-10,2,-13,-9,-14,9,2,-19,-36,255,
-56,-55,-25,-85,89,-60,-43,-42,-37,-34,-35,-43,-31,-37,-42,-45,255,
4,5,-15,-12,30,-17,-30,6,14,-2,11,-1,21,15,-3,-21,255,
-19,-16,-66,-41,-28,-25,-37,-21,-6,-8,-4,-16,4,-1,-10,-22,255,
51,47,47,15,5,32,13,49,52,51,54,38,74,67,57,24,255,
16,10,5,-6,-45,-37,-17,3,15,7,11,3,28,21,7,0,255,
72,60,103,80,15,39,50,58,80,47,64,47,75,72,57,27,0,
8,-1,-7,-25,-18,-20,7,-7,15,-7,5,-4,19,19,-4,-4,0,
37,32,11,28,13,29,31,31,36,72,32,26,45,44,34,9,0,
-16,-12,-38,-33,-21,-38,14,-16,-8,-6,-16,-16,-6,-9,-17,-19,0,
13,13,-6,21,5,-16,-46,14,10,29,7,0,30,25,3,-18,0,
-42,-30,-15,-20,-57,-18,-27,-36,-27,-26,-33,-33,-27,-27,-41,-40,0,
-14,-6,-5,3,-2,-46,15,-16,-8,-9,-16,-21,-30,-7,-18,-35,1,
-52,-39,-46,-31,-65,-73,-67,-37,-40,-52,-32,-30,-28,-32,-39,-38,1,
-6,0,-15,-1,-34,-30,-30,-9,13,4,3,-2,17,14,1,-21,1,
-43,-40,-23,-36,-122,-43,-17,-41,-26,-36,-30,-28,-13,-20,-34,-30,1,
19,23,-7,45,23,8,-4,9,24,17,19,11,32,26,17,2,1,
-11,-8,27,24,-19,3,-43,-13,12,-4,4,-2,11,6,-6,-12,1,
42,37,-14,60,-6,33,34,35,53,17,54,43,58,56,44,21,2,
16,9,-27,35,8,-20,10,3,36,-7,25,20,29,24,19,7,2,
46,40,93,69,42,82,33,29,51,54,44,37,49,51,46,21,2,
7,3,15,-6,29,-1,12,2,31,7,16,12,-15,19,10,-5,2,
17,20,17,22,16,35,62,18,36,50,30,24,32,32,31,-4,2,
-30,-26,-52,-42,-81,-31,10,-25,-10,-24,-15,-15,-13,-17,-17,-35,2,
-28,-26,-32,-23,-85,-31,-22,-18,0,1,-9,-14,-8,-11,-18,-45,3,
-64,-58,-47,-53,-114,-83,-27,-40,-22,0,-30,-29,-40,-38,-44,-55,3,
-63,-53,-66,-71,-72,-59,-37,-42,-23,-15,-36,-40,-43,-42,-50,-68,3,
-69,-61,-72,-66,-237,-94,-105,-55,-36,-67,-48,-51,-61,-59,-56,-71,3,
-72,-63,-75,-56,-86,-76,-71,-55,-50,-58,-53,-65,-61,-61,-63,-80,3,
-70,-67,-56,-53,-191,-23,-71,-55,-50,-40,-50,-56,-57,-59,-60,-72,3,
-40,-37,-20,-44,-27,-13,-26,-32,-21,-14,-28,-40,-29,-34,-36,-56,4,
-28,-30,-30,-20,30,-2,5,-21,-1,-16,-8,-7,-7,-13,-17,-16,4,
-17,-12,-23,-20,98,3,-14,-16,6,-16,-11,-18,0,-4,-17,-25,4,
-12,-10,-28,-25,-72,-27,-8,-10,6,-6,4,0,5,-1,-4,-15,4,
-11,-10,-30,-58,-31,-12,-20,-9,5,-38,-9,-13,0,-4,-10,-35,4,
-16,-20,-15,-41,56,21,-3,-16,-15,-14,-25,-37,-24,-7,-25,-101,4,
-55,-57,-72,-46,-158,-50,-90,-53,-27,-69,-56,-77,-40,-45,-51,-187,5,
-32,-34,-6,-42,-132,-49,-36,-26,-22,-11,-15,-26,-18,-21,-25,-131,5,
-41,-40,-51,-33,11,-49,-45,-40,-31,-17,-30,-37,-36,-40,-41,-83,5,
-20,-17,-40,-26,-40,-7,-44,-23,-23,2,-21,-23,-51,-32,-33,-56,5,
-36,-34,-40,-54,37,-31,-95,-34,-26,-22,-24,-27,-73,-41,-28,-50,5,
-9,-7,-34,-33,-88,-17,-33,-6,6,-4,-3,-7,-6,-9,-11,-32,5,
-23,-23,-44,-54,-104,-39,-31,-23,8,-15,-24,-28,-13,-24,-29,-48,6,
5,2,-11,-40,70,-18,-6,10,16,32,19,17,15,9,17,-16,6,
-15,-15,-11,-27,-96,-29,-9,-11,-8,-29,-11,-13,-10,-9,-13,-34,6,
27,19,26,-4,-27,-7,40,19,23,14,25,19,25,24,17,-10,6,
2,-3,18,0,11,3,0,-4,1,11,2,0,5,5,-2,-19,6,
43,31,75,25,2,-16,47,32,30,-5,25,20,33,34,19,-6,6,
-5,-11,21,-33,-20,-8,9,-7,-14,13,-7,-12,-12,-12,-9,-36,7,
28,22,4,16,4,-23,12,26,23,35,27,24,23,26,22,-15,7,
-19,-19,-19,-47,-11,-65,-11,-16,-19,-29,-19,-24,-16,-14,-30,-49,7,
22,21,9,3,-7,15,0,22,22,1,22,20,29,31,13,-25,7,
-26,-24,-40,-31,-122,-42,-31,-29,-26,-26,-26,-31,-24,-27,-29,-51,7,
27,27,47,-36,32,22,-25,19,20,10,16,9,19,14,12,-20,7,
4,1,5,7,28,-4,6,-5,-6,4,-9,-17,2,-1,-14,-26,8,
20,25,22,14,44,22,33,26,31,5,27,19,27,29,19,-4,8,
-18,-16,6,-37,-8,-34,-1,-19,-15,-7,-15,-16,-6,-12,-19,-20,8,
16,25,-9,10,-22,-28,30,18,20,-4,15,10,30,23,12,-6,8,
-27,-21,-10,11,90,-15,-10,-22,-19,-44,-16,-14,-7,-9,-26,-21,8,
6,18,-5,6,-20,28,-4,23,36,58,26,21,30,30,17,-3,8,
-47,-38,-24,-18,107,-29,-24,-46,-33,-55,-32,-30,-22,-25,-41,-36,9,
11,15,20,-5,18,0,-14,20,24,-11,22,17,30,29,25,4,9,
-35,-23,18,-38,-82,-40,-45,-25,-26,-24,-23,-20,-18,-20,-27,-20,9,
11,18,8,-32,-11,2,30,16,30,23,9,3,18,14,2,-9,9,
-47,-37,-33,-45,-21,-31,2,-40,-38,-34,-39,-39,-38,-41,-45,-39,9,
2,8,-23,23,-16,-3,-63,3,2,-4,-1,-5,5,-3,-8,-27,9,
-45,-35,-56,-59,-2,-36,-74,-41,-38,-35,-38,-32,-31,-38,-49,-51,10,
-1,7,11,-14,26,13,1,11,8,3,7,5,18,12,2,-27,10,
-56,-50,-81,-62,32,-44,-49,-49,-41,-46,-54,-51,-63,-50,-62,-75,10,
-12,-10,-47,-18,-20,-33,-2,-3,0,-41,-5,-9,4,-5,-7,-44,10,
-49,-45,-46,-46,-12,-16,-39,-37,-34,-28,-37,-33,-22,-31,-45,-63,10,
-5,-9,-43,-20,-48,-39,-28,-1,0,2,-5,-11,12,-1,-12,-50,10,
-36,-35,-23,-33,-55,-28,-29,-30,-32,-64,-33,-32,-18,-28,-39,-58,11,
-1,1,4,-28,-76,-30,-7,6,13,-29,4,-1,15,6,-8,-50,11,
-53,-51,-70,-81,-163,-51,-100,-49,-46,-59,-49,-47,-37,-44,-56,-80,11,
-22,-18,-19,-8,-75,-62,-30,-17,-20,-27,-29,-32,-9,-18,-32,-73,11,
-50,-45,-48,-92,-135,-72,-84,-55,-41,-46,-52,-49,-44,-49,-61,-83,11,
-15,-9,-25,-20,-3,-23,-26,-21,-15,-6,-16,-21,-8,-10,-20,-69,11,
-32,-22,-63,-37,133,22,7,-38,-28,-21,-28,-30,-27,-31,-28,-74,12,
-9,-8,-11,8,-62,9,-4,-5,-12,9,-6,-11,-3,-8,-7,-64,12,
-23,-24,-11,1,108,-6,-12,-27,-36,-55,-23,-23,-31,-26,-29,-75,12,
9,8,-28,-28,40,-40,34,11,5,0,9,3,19,17,4,-58,12,
-11,-14,-67,-48,-50,-44,-29,-12,-7,-38,-8,-9,0,-6,-17,-66,12,
2,-1,15,-17,13,-3,2,-2,17,29,4,-2,13,12,-12,-72,12,
-20,-17,-2,-32,-71,-42,-8,-17,-17,15,-16,-15,-9,-11,-30,-83,13,
-8,-4,0,-60,-92,-8,-2,2,23,-18,5,1,7,6,2,-64,13,
-38,-27,-39,-46,-40,-11,-51,-28,-22,-35,-30,-28,-24,-27,-34,-90,13,
-40,-41,-55,-50,58,-41,17,-39,-39,-54,-47,-50,-28,-34,-54,-122,13,
-35,-30,-17,-46,-73,-55,-1,-22,-21,-51,-27,-25,-13,-20,-39,-104,13,
-17,-13,-22,-24,-12,-65,10,-16,-5,0,-24,-24,-5,-10,-24,-104,13,
-12,-12,-31,-32,6,-42,-7,-14,-18,-40,-21,-18,-11,-18,-27,-90,14,
0,-5,-9,-22,-148,-54,-4,1,28,19,-61,-7,6,2,-3,-71,14,
-17,-13,-41,1,-127,-47,-15,-13,-14,-34,-10,-14,-13,-13,-12,-80,14,
-19,-19,1,-24,-116,4,-59,-22,-19,-50,-27,-29,-21,-25,-31,-94,14,
-10,-13,-19,-25,21,-20,2,-6,-7,-25,-11,-13,-5,-8,-8,-70,14,
-18,-11,-20,-69,4,-48,27,-6,-4,20,-14,-15,-14,-17,-10,-66,14,
-23,-20,-46,-29,-64,-39,-35,-20,-17,-11,-22,-30,-28,-19,-27,-85,15,
-40,-32,-39,-56,41,-45,-49,-29,-30,-22,-30,-40,-74,-34,-29,-90,15,
-9,-5,14,-15,-86,-18,-22,0,-5,-5,-5,-12,-7,-10,-9,-73,15,
-35,-28,-30,-43,-189,-22,-30,-27,-14,-34,-26,-35,-20,-25,-35,-92,15,
5,16,-10,-26,-7,1,21,6,2,-6,1,-5,3,-1,-2,-69,15,
-37,-25,-19,-20,-177,-86,-62,-33,-22,-41,-39,-45,-31,-33,-35,-90,15,
1,8,21,-23,-2,28,-7,9,12,-6,13,8,15,15,5,-60,16,
-53,-44,-46,-67,-63,-67,-29,-38,-37,-31,-34,-40,-39,-32,-40,-89,16,
-10,0,21,-8,11,-19,-40,0,3,38,-2,-8,4,-3,-5,-79,16,
-46,-38,-61,-30,12,-34,-33,-41,-41,-46,-43,-47,-36,-41,-47,-106,16,
-23,-10,12,-25,3,1,-33,-8,-7,4,-6,-12,-3,-3,-12,-92,16,
-72,-57,-83,-52,-115,-60,-69,-61,-52,-49,-62,-67,-52,-57,-66,-139,16,
-23,-16,-54,-14,12,5,2,-20,-19,-21,-26,-30,-22,-29,-26,-127,17,
-60,-47,-68,-57,157,-41,-55,-48,-44,-30,-45,-38,-44,-49,-46,-135,17,
-16,-7,-27,-20,-27,-13,-60,-12,-8,-16,-12,-15,0,-9,-17,-121,17,
-60,-56,-71,-70,-55,-70,-91,-61,-52,-90,-58,-58,-56,-57,-55,-146,17,
1,6,36,-11,-14,8,-39,-4,5,47,0,-2,9,5,6,-99,17,
-40,-40,-33,-85,-31,-61,-41,-44,-35,-40,-31,-30,-23,-29,-24,-117,17,
16,12,8,9,-19,18,-7,16,13,4,14,10,19,18,15,-91,18,
-37,-37,-35,-74,-113,-10,-70,-26,-29,-45,-17,-15,-25,-29,-25,-104,18,
27,22,24,37,-26,-13,0,28,47,12,26,26,40,35,27,-68,18,
-25,-26,-1,-25,-95,-34,-50,-17,-8,-34,-3,-1,-4,-10,-7,-83,18,
17,14,3,-2,-50,-4,5,14,20,-11,24,21,24,17,18,-71,18,
-44,-42,-30,-55,-83,-15,-41,-43,-31,-41,-37,-32,-32,-34,-35,-122,18,
-8,-11,-26,16,134,-2,-32,-15,3,9,-12,-20,-7,-6,-5,-152,19,
-68,-72,-63,-94,-27,-94,6,-72,-71,-14,-68,-86,-65,-65,-67,-267,19,
-20,-26,-45,-20,3,-40,-52,-28,-26,-15,-19,-37,-21,-25,-26,-228,19,
-54,-53,-34,-74,70,-67,-77,-64,-43,-54,-43,-42,-53,-55,-52,-176,19,
-9,-9,-15,-63,-77,-37,-91,-19,-17,-6,-7,-9,-4,-6,-4,-113,19,
-51,-52,10,-30,16,-60,-23,-60,-56,-56,-40,-35,-45,-47,-46,-124,19,
7,0,5,-20,-2,42,4,-5,-3,-40,3,-2,5,6,0,-97,20,
-47,-40,-82,-43,60,-22,-31,-43,-40,-63,-33,-26,-28,-30,-31,-105,20,
-7,-5,-17,-2,44,17,-20,-12,-4,-2,-3,-1,4,3,-3,-98,20,
-51,-44,-50,-63,70,14,-51,-50,-34,-49,-43,-37,-38,-38,-53,-122,20,
-24,-14,-14,-32,21,-10,1,-24,-17,-28,-20,-22,-10,-12,-24,-115,20,
-47,-37,-21,-73,-90,-38,-55,-47,-25,-38,-35,-29,-32,-29,-42,-117,20,
-10,-7,-22,-30,53,4,16,-6,4,35,3,3,7,7,-2,-98,21,
-28,-18,-48,5,152,12,-26,-21,-15,-10,-15,-12,-18,-18,-13,-97,21,
8,9,4,-26,43,24,10,5,31,3,4,4,9,7,8,-80,21,
-6,-6,-16,20,98,25,-32,-9,-4,-3,-6,-6,-2,-4,-6,-74,21,
11,8,4,9,96,27,14,7,11,26,10,6,15,12,14,-61,21,
-3,-8,10,-29,-14,-6,11,-10,-7,33,-8,-4,-4,-3,-10,-59,21,
22,15,-15,-3,52,2,-14,9,13,-4,11,9,16,19,13,-44,22,
12,5,0,35,11,24,-21,0,12,-17,13,14,16,15,11,-29,22,
24,16,-16,-60,29,-27,-10,11,14,18,10,4,20,20,10,-34,22,
-1,-5,-13,-18,5,-13,-10,-7,0,-25,-14,-10,-14,-12,-10,-39,22,
2,0,-41,-18,132,-28,-17,1,-3,-4,-6,-5,-5,-10,-7,-36,22,
-24,-20,-33,-45,82,-33,-61,-30,-27,-53,-24,-20,-26,-28,-30,-46,22,
-27,-29,-6,7,-148,-48,-33,-37,-25,-28,-32,-30,-27,-31,-28,-51,23,
-26,-25,-3,-49,-125,-43,-15,-18,-16,-9,-15,-13,-16,-16,-22,-49,23,
-30,-28,-5,-41,-26,-54,-82,-26,-16,-36,-20,-18,-14,-12,-22,-50,23,
-3,-4,20,11,31,15,8,7,7,-2,5,7,-29,13,7,-21,23,
4,0,-15,-29,52,-31,-26,2,2,8,-1,-3,1,9,2,-25,23,
21,18,-4,4,-40,-11,19,13,22,21,15,15,27,22,14,-6,23,
23,16,24,33,-19,40,32,8,30,33,15,13,21,19,21,-5,24,
39,34,49,15,7,26,44,24,34,71,39,44,32,40,40,29,24,
-4,-9,-16,-2,55,14,-10,-29,-7,-8,-9,-6,-4,-8,-14,-33,24,
-7,-7,-7,19,93,20,-58,-25,-1,-23,-9,-2,-8,-15,-15,-41,24,
-49,-47,-87,-58,-76,-41,-49,-55,-43,-46,-40,-34,-34,-38,-47,-71,24,
-22,-25,-38,-22,123,-32,7,-34,-23,-6,-20,-14,-19,-18,-32,-63,24,
-54,-49,-66,-47,-78,-73,-6,-55,-45,-44,-50,-44,-43,-47,-59,-85,25,
-15,-17,-30,3,-59,-26,-4,-19,-20,-20,-4,6,-24,-22,-13,-44,25,
-41,-49,-66,-30,52,-58,-47,-47,-49,-34,-38,-32,-48,-49,-41,-61,25,
-1,-12,-36,11,28,-11,11,-12,-9,-28,-6,-3,-33,-13,-11,-39,25,
-23,-30,-23,-25,91,-36,-27,-34,-30,-17,-27,-24,-28,-27,-32,-44,25,
17,10,-5,11,-32,27,30,14,9,14,13,18,13,11,9,-24,25,
-42,-41,-35,-28,91,-33,-13,-39,-37,-32,-35,-29,-31,-32,-37,-65,26,
1,5,-15,-6,-23,-1,-34,5,4,2,12,20,0,12,7,-36,26,
-61,-57,-87,-74,-134,-82,-65,-56,-39,-75,-47,-39,-59,-61,-48,-69,26,
-21,-23,-22,-42,-35,-10,-65,-8,-11,8,-5,-3,-17,-17,-11,-46,26,
-56,-57,-28,-26,-76,-42,-22,-47,-41,-60,-39,-30,-75,-52,-41,-62,26,
15,6,-11,8,23,22,-12,13,14,20,16,20,14,13,14,-20,26,
-27,-35,-50,-27,234,-39,11,-30,-17,-33,-25,-20,-27,-29,-23,-36,27,
29,20,-13,-20,36,-9,-16,26,24,13,27,33,31,27,32,-4,27,
-43,-47,-70,-34,-195,-30,-22,-40,-33,-14,-35,-27,-33,-38,-41,-52,27,
-3,-5,3,-30,-32,-37,37,-2,3,-19,-1,4,5,-7,-11,-44,27,
-55,-58,-34,-47,-58,-65,-76,-46,-46,-43,-46,-35,-42,-46,-47,-70,27,
-7,-8,6,-42,14,37,34,1,9,20,-3,-1,12,5,0,-47,27,
-52,-50,-49,-72,-208,-34,-102,-47,-38,-15,-45,-36,-36,-43,-53,-75,28,
7,6,-39,9,-44,20,36,10,26,24,8,12,18,20,9,-38,28,
-44,-47,-50,-18,118,10,-10,-40,-38,-16,-41,-33,-39,-41,-33,-57,28,
7,2,-20,-23,-10,7,3,0,8,26,0,3,8,1,7,-36,28,
-27,-25,2,-48,249,-23,25,-37,-24,-12,-19,-17,-21,-26,-20,-46,28,
22,26,-3,-18,63,13,31,15,20,46,24,20,31,25,27,-23,28,
-22,-14,-29,-27,-42,-30,-13,-32,-20,-51,-16,-13,-17,-19,-18,-48,29,
20,27,7,36,-2,31,23,21,22,37,23,19,23,20,24,-23,29,
-24,-12,-46,-49,-2,-17,-53,-28,-24,-28,-27,-26,-23,-26,-31,-56,29,
17,25,30,47,-17,22,8,10,15,62,11,10,25,13,6,-43,29,
-32,-21,-35,-53,1,-61,-56,-31,-32,-10,-35,-31,-29,-35,-41,-71,29,
12,20,-2,8,10,8,7,8,8,18,0,-2,10,4,0,-43,29,
-23,-17,-24,-17,-114,-10,11,-25,-24,-23,-22,-19,-26,-28,-26,-47,30,
26,27,-3,20,13,26,-2,19,19,10,16,14,20,21,22,-22,30,
-22,-18,-41,-19,-90,-15,-45,-27,-27,-49,-27,-21,-33,-34,-27,-43,30,
1,1,10,33,43,22,-12,0,-4,0,-9,-5,0,-6,-9,-34,30,
-41,-31,-23,-34,4,-77,-21,-30,-37,-28,-31,-25,-35,-36,-39,-60,30,
-10,0,9,-6,-140,-46,-32,-11,-7,-7,-14,-13,-9,-18,-8,-49,30,
-52,-41,-44,-84,-167,-36,-61,-50,-54,-65,-55,-49,-53,-53,-53,-87,31,
-25,-22,1,-10,-30,-54,-101,-18,-27,-14,-29,-31,-45,-22,-26,-76,31,
-41,-36,-18,-15,151,-14,-69,-35,-38,-31,-39,-37,-30,-38,-38,-77,31,
0,2,-18,-15,-115,-28,-24,-7,-8,-27,-6,-14,2,1,-14,-61,31,
-6,-7,-17,-45,27,-13,6,-8,-13,3,-12,-16,-3,-7,-16,-52,31,
18,12,4,10,-88,-18,-20,17,18,22,16,9,31,24,11,-42,31,
-6,-11,-23,14,-82,-13,-7,-3,-9,-18,-5,-4,7,1,-8,-50,32,
5,1,25,13,-53,18,39,11,6,39,9,5,10,11,5,-51,32,
-14,-14,-5,9,-66,-15,-3,-5,-13,-8,-7,-12,-2,-5,-10,-65,32,
-13,-9,-10,0,-56,-13,59,0,-9,15,-3,-14,2,2,-2,-61,32,
-27,-21,-2,-12,116,-9,-17,-15,-24,-17,-17,-25,-15,-15,-18,-76,32,
-33,-25,-22,25,52,28,-39,-23,-29,-27,-29,-33,-15,-24,-27,-78,32,
-27,-25,-58,16,212,5,30,-25,-14,3,-23,-21,-14,-21,-26,-64,33,
-14,-15,-49,-44,-127,-25,-49,-19,-20,-37,-19,-20,-9,-11,-21,-77,33,
-20,-22,-36,-5,-115,-10,-30,-24,-28,-59,-30,-27,-19,-25,-31,-95,33,
-40,-37,-48,-75,-113,-35,-56,-42,-42,-34,-46,-54,-37,-40,-45,-141,33,
-50,-50,-16,-36,-152,-69,-5,-46,-41,-40,-50,-71,-41,-45,-47,-221,33,
-72,-70,-75,-9,17,-71,-60,-70,-75,-88,-69,-96,-71,-69,-70,-279,33,
0,-9,-13,-13,-27,-17,-14,-16,-8,-14,1,-8,-4,-7,-8,-151,34,
10,-3,6,29,18,-10,-22,-5,5,-8,10,7,10,9,8,-81,34,
38,26,44,19,-5,1,-10,24,37,11,40,39,33,31,36,-32,34,
7,0,21,-14,-24,17,8,-4,7,-23,5,9,10,7,12,-52,34,
40,37,30,69,-13,24,38,23,30,24,29,31,37,33,29,-39,34,
-3,-5,-7,5,-23,22,-10,-14,-4,45,-5,1,7,-2,-9,-58,34,
19,19,19,10,-7,36,19,7,23,38,17,22,21,19,9,-54,35,
-6,0,25,14,-24,1,3,-19,-5,-22,-9,-2,-1,-7,-17,-71,35,
28,34,26,13,-23,22,19,14,22,4,17,19,33,22,11,-63,35,
0,0,9,-43,-58,-27,-6,-11,-2,7,-10,-9,5,2,-11,-66,35,
45,37,2,17,13,18,47,35,51,58,35,35,43,41,30,-27,35,
-5,-18,10,-54,-55,-34,-19,-22,-14,-33,-17,-19,-8,-12,-13,-54,35,
37,29,-9,13,53,36,41,34,34,26,32,34,29,38,26,-13,36,
-7,-13,-13,-33,-86,33,38,-12,-7,-15,-7,-5,-5,-6,-12,-46,36,
32,24,11,30,43,54,56,26,30,72,31,31,30,25,27,-21,36,
-27,-32,-44,-19,32,-49,-48,-27,-22,-5,-25,-14,-29,-33,-31,-48,36,
16,12,-10,7,-45,15,-32,12,14,9,14,11,-3,7,9,-33,36,
-37,-36,8,-22,239,19,-15,-37,-37,-14,-35,-38,-34,-38,-37,-70,36,
21,15,-6,-14,13,23,-10,18,16,67,13,7,12,10,10,-37,37,
-20,-27,-56,-1,66,-34,-33,-18,-16,30,-15,-18,-40,-30,-14,-47,37,
49,44,84,57,24,42,33,38,45,19,40,40,34,35,37,10,37,
0,-11,-21,-40,-75,-54,-18,-17,-4,-16,0,-1,-13,-21,-3,-15,37,
59,44,43,40,44,20,18,30,47,81,43,35,48,40,45,13,37,
18,1,-3,-14,26,-5,-5,-8,0,16,1,2,0,-6,-5,0,37,
45,37,12,16,-3,57,44,33,46,24,40,36,41,40,40,22,38,
-32,-34,-23,-19,81,-64,-1,-39,-34,-43,-29,-29,-31,-39,-28,-40,38,
11,8,46,46,-44,17,11,1,7,19,1,5,-2,-5,4,-14,38,
-54,-51,-37,-37,16,-50,-49,-59,-50,-68,-59,-51,-59,-63,-61,-70,38,
-10,-6,-22,59,66,-27,10,-21,-19,1,-26,-21,-20,-25,-23,-61,38,
-50,-49,-89,-4,-112,-61,-74,-60,-57,-80,-62,-46,-58,-63,-65,-82,38,
8,0,9,-2,42,-6,3,-19,3,7,-17,-10,-9,-15,-16,-50,39,
-34,-41,-38,13,-11,-14,-31,-49,-37,-42,-39,-26,-37,-40,-39,-46,39,
5,-8,-27,16,-29,1,-10,-19,-10,-42,-13,-13,-3,-12,-13,-58,39,
15,-6,19,43,30,12,-6,-9,-1,14,-1,-5,-5,-8,-1,-42,39,
62,41,47,94,74,38,29,45,47,46,41,29,46,45,47,-14,39,
33,17,47,55,35,24,59,25,27,39,27,31,30,25,34,-12,39,
56,45,33,80,14,30,64,51,48,72,46,50,50,47,42,-8,40,
19,8,15,91,8,0,23,24,17,16,22,29,18,13,18,-23,40,
21,13,30,89,14,61,60,17,12,-19,10,12,18,13,12,-51,40,
-22,-25,7,55,51,21,16,-14,-19,-32,-16,-5,-15,-23,-21,-59,40,
-3,-3,-3,96,94,45,18,3,8,-21,-5,7,3,-1,0,-36,40,
-39,-41,-40,61,199,0,-31,-30,-35,-43,-32,-21,-40,-41,-39,-68,40,
-23,-28,18,33,14,-14,-1,-19,-21,2,-14,-9,-19,-22,-19,-68,41,
-29,-36,-32,41,-69,-12,14,-18,-25,-41,-16,-3,-19,-21,-22,-61,41,
-14,-24,-11,55,-114,-28,10,-23,-17,18,-17,-9,-22,-17,-21,-64,41,
-35,-38,-31,74,187,18,-92,-45,-35,-49,-33,-23,-47,-41,-41,-83,41,
-40,-43,-65,19,-64,-30,-53,-44,-37,-26,-37,-27,-36,-38,-41,-92,41,
-39,-42,-42,48,68,4,-39,-46,-33,-40,-45,-32,-45,-48,-45,-93,41,
-36,-35,-44,65,-17,-40,-33,-48,-30,-45,-49,-42,-39,-44,-49,-114,42,
-20,-29,-70,62,16,-7,-60,-36,-28,-16,-24,-14,-25,-27,-27,-85,42,
-15,-21,-21,25,-11,-39,-24,-29,-23,-14,-25,-15,-21,-23,-20,-82,42,
-4,-16,-52,20,-136,10,-23,-17,-24,-17,-29,-14,-20,-24,-30,-78,42,
-29,-39,-29,-7,-78,9,-23,-38,-40,-45,-48,-42,-39,-45,-55,-106,42,
7,-2,-12,11,-25,4,-11,-1,10,20,1,5,3,1,-2,-72,42,
12,7,-19,25,-46,2,43,4,7,-18,-7,-2,5,2,7,-63,43,
3,-3,-21,40,-53,12,-12,5,9,-25,-3,6,8,0,4,-60,43,
-28,-24,-29,-32,-139,-52,-13,-22,-22,-36,-30,-22,-17,-23,-27,-82,43,
14,4,1,61,-17,-1,-3,9,17,-7,7,16,16,14,-1,-63,43,
-26,-28,-27,97,126,-42,31,-43,-19,-40,-36,-28,-22,-25,-31,-91,43,
6,6,8,111,-38,2,-26,-16,4,-2,-3,7,5,0,-5,-69,43,
-15,-17,-19,91,-127,-2,-7,-32,-14,-28,-26,-17,-16,-16,-22,-73,44,
12,6,13,140,24,38,3,5,10,-25,4,9,16,15,3,-58,44,
-8,-14,0,87,5,-12,5,-17,7,-25,-20,-9,-9,-13,-15,-58,44,
11,2,25,124,40,21,-7,-6,2,0,-9,0,6,2,3,-57,44,
-26,-29,-39,114,152,35,-24,-32,-25,-49,-29,-24,-27,-28,-23,-83,44,
16,7,29,64,1,39,36,2,11,-3,3,9,16,10,9,-61,44,
-42,-46,-20,114,14,-30,-16,-50,-32,-54,-51,-45,-41,-52,-55,-110,45,
4,0,10,175,10,11,-2,-2,6,5,1,5,10,2,1,-70,45,
-33,-39,-49,113,22,-22,-5,-42,-41,-44,-44,-40,-42,-42,-42,-112,45,
-2,-11,-8,133,60,-4,5,-22,-5,-28,-19,-18,-13,-16,-23,-102,45,
-42,-52,-28,117,-86,-24,2,-47,-43,-39,-49,-45,-37,-40,-51,-114,45,
7,-6,5,101,-64,-19,23,-6,-6,-4,-4,-4,-2,-3,-4,-88,45,
-25,-31,-55,148,34,14,23,-35,-35,-57,-27,-24,-31,-36,-27,-100,46,
11,6,22,146,27,39,70,13,18,-24,13,17,9,9,19,-63,46,
-43,-43,-29,102,-120,-64,-28,-36,-43,-35,-38,-35,-38,-39,-37,-100,46,
-4,-9,-10,121,3,19,29,4,-2,-6,3,4,8,7,0,-83,46,
-42,-41,-68,71,-38,-45,-40,-27,-34,-15,-34,-30,-28,-29,-32,-110,46,
8,7,19,110,84,40,21,9,3,1,-1,3,18,10,2,-70,46,
-40,-43,-29,94,-168,-12,-5,-46,-42,-46,-50,-51,-34,-41,-49,-118,47,
-1,-5,3,95,-33,34,25,-6,3,7,-6,-17,6,5,-4,-124,47,
-52,-52,-48,141,-193,-56,-5,-57,-36,-68,-56,-68,-80,-52,-57,-181,47,
-29,-39,-51,86,-148,-37,-62,-46,-21,-49,-55,-86,-33,-39,-43,-255,47,
-81,-86,-73,156,-55,-91,-72,-101,-90,-91,-97,-127,-94,-95,-95,-330,47,
-25,-36,-15,114,136,-22,1,-38,-30,-54,-30,-55,-31,-32,-27,-232,47,
-37,-38,-22,63,144,-6,-14,-44,-38,-46,-40,-44,-52,-44,-37,-137,48,
11,6,-20,93,0,8,37,6,3,5,2,-7,-21,13,9,-81,48,
-26,-31,-51,16,-130,-48,-15,-24,-22,-35,-26,-32,-17,-20,-17,-97,48,
7,3,10,110,42,33,21,12,14,21,3,-8,12,10,14,-87,48,
-29,-31,-41,88,160,-5,14,-28,-27,-18,-32,-35,-22,-26,-37,-104,48,
6,6,-7,108,-6,27,56,7,18,59,0,-12,11,10,8,-96,48,
-27,-27,-9,101,7,-20,36,-31,-21,-43,-27,-31,-27,-28,-32,-108,49,
-6,-7,-15,92,44,-18,0,-14,-4,-17,-12,-23,-5,-4,-11,-108,49,
-41,-33,-28,61,-37,0,17,-47,-33,-47,-45,-54,-39,-39,-50,-138,49,
1,-6,3,46,122,-17,-9,-13,0,1,-14,-23,-2,-4,-10,-107,49,
-16,-24,1,77,135,-22,17,-30,-19,-2,-24,-32,-14,-11,-29,-105,49,
0,-5,-14,42,-86,-29,42,-11,7,12,-17,-28,-10,-10,-16,-106,49,
-15,-21,-26,107,5,20,-9,-24,-11,-16,-19,-28,-16,-14,-23,-104,50,
10,0,22,56,-55,0,13,-3,7,28,-2,-13,7,6,-2,-90,50,
-20,-20,-28,22,-73,-8,31,-27,-18,-21,-28,-34,-14,-16,-16,-105,50,
21,20,16,46,42,0,21,8,20,-6,2,-11,24,20,8,-100,50,
6,4,-7,21,-104,-26,-35,-4,5,33,-10,-21,5,1,-13,-96,50,
16,16,15,23,1,51,3,11,20,-16,2,-6,20,14,3,-94,50,
6,6,10,19,-91,-5,-2,1,16,14,-11,-10,-53,-4,-15,-100,51,
-1,0,-16,10,164,-21,-18,0,4,-18,-8,-9,6,3,-7,-94,51,
9,10,-16,3,-49,29,66,-3,20,-5,-10,-4,1,-2,-9,-73,51,
6,3,-6,-43,43,5,1,-10,0,33,-20,-23,-2,-3,-12,-93,51,
24,29,-7,6,-10,-15,6,10,25,41,5,5,19,16,4,-62,51,
9,14,-4,-54,74,2,9,-2,24,19,-12,-12,10,11,-7,-89,51,
33,38,21,14,-20,17,-2,27,39,7,22,25,18,37,22,-52,52,
42,40,39,15,16,22,34,31,44,43,23,20,41,41,29,-49,52,
55,54,53,1,26,50,39,38,50,38,26,23,55,49,35,-53,52,
37,46,37,2,19,52,55,25,55,54,19,16,43,41,26,-55,52,
49,58,23,5,54,48,28,41,69,75,35,30,52,51,43,-45,52,
33,41,15,28,57,40,3,25,37,23,12,9,37,35,19,-65,52,
21,31,12,20,55,53,-14,23,36,35,15,13,35,37,16,-70,53,
2,12,21,-21,-20,10,3,8,16,34,3,-4,19,17,8,-84,53,
11,18,46,-22,20,68,26,9,40,34,11,4,34,29,13,-87,53,
-36,-19,-4,-69,81,14,-43,-39,-8,-21,-30,-38,-10,-12,-27,-118,53,
-5,13,39,-36,-21,20,14,-11,28,11,0,-11,10,16,-8,-103,53,
-46,-21,-46,-73,-36,4,-60,-44,-23,-28,-36,-46,-29,-25,-37,-115,53,
-9,15,25,-46,31,15,-27,-2,17,12,-4,-12,24,22,-7,-99,54,
-48,-14,-18,-54,68,-6,-12,-34,-6,19,-35,-36,-7,-11,-36,-113,54,
-4,34,33,-16,43,19,5,5,26,35,-4,-9,36,30,0,-97,54,
-20,13,24,-45,-103,25,-16,-9,13,-11,-17,-22,7,4,-18,-94,54,
24,55,54,5,29,-11,7,37,57,62,22,11,50,42,16,-84,54,
9,45,44,-46,34,24,39,17,37,40,7,4,39,31,5,-68,54,
55,74,95,4,37,57,29,51,63,45,33,30,69,64,34,-66,55,
28,54,43,-10,39,68,26,32,50,10,20,18,62,53,18,-73,55,
67,93,34,56,32,47,90,69,92,51,55,51,92,86,52,-51,55,
37,59,33,-8,34,-8,63,33,53,106,16,13,51,48,19,-79,55,
59,76,48,34,38,48,60,57,77,66,41,39,75,71,42,-70,55,
5,26,19,-39,-20,-11,-57,4,22,-17,-6,-3,25,18,-9,-94,55,
19,41,34,-14,38,-12,18,14,27,50,-6,-10,25,21,-11,-105,56,
-41,-13,-9,-58,36,-46,-20,-43,-31,-43,-57,-48,-36,-42,-59,-137,56,
-19,6,7,-53,-41,-17,8,-22,-9,-27,-43,-43,-7,-14,-43,-148,56,
-91,-56,-69,-106,-61,-80,-68,-79,-66,-75,-97,-90,-70,-75,-104,-185,56,
-54,-19,-25,-58,-110,-46,-30,-47,-37,-50,-71,-63,-32,-42,-72,-167,56,
-96,-64,-77,-144,-53,-66,-47,-82,-76,-53,-104,-97,-69,-79,-103,-193,56,
-61,-25,10,-75,70,-33,6,-42,-23,-9,-58,-50,-28,-34,-64,-155,57,
-92,-57,-38,-128,-223,-48,-106,-71,-64,-66,-90,-79,-121,-68,-98,-185,57,
-12,14,71,-67,-15,14,-16,-7,0,37,-37,-32,-2,-7,-33,-155,57,
-13,15,17,-16,-16,7,24,-4,9,-19,-22,-11,16,10,-28,-126,57,
20,45,11,-4,-6,63,23,24,47,48,3,1,44,35,-5,-124,57,
-8,13,2,-63,-4,4,7,-16,1,4,-27,-26,5,-1,-38,-140,57,
58,73,186,30,82,92,102,43,57,71,24,24,51,54,22,-104,58,
38,50,109,-11,3,24,42,30,47,20,20,27,52,41,20,-82,58,
64,78,35,29,73,43,36,53,68,53,36,39,66,60,40,-80,58,
32,43,50,-52,41,-21,26,17,31,67,3,10,34,24,-4,-106,58,
46,63,52,12,17,29,53,40,66,47,26,32,55,42,25,-88,58,
-2,11,54,-21,8,4,15,-1,14,22,-9,-4,15,10,-14,-116,58,
7,22,64,-62,-16,13,70,3,14,-16,-15,-16,23,13,-25,-146,59,
-11,4,-13,-30,-29,-9,18,-15,2,-14,-30,-21,-1,-6,-36,-143,59,
-13,1,-1,-46,62,-4,3,-12,6,-16,-33,-32,-3,-7,-28,-151,59,
-43,-26,8,-92,117,-4,-35,-39,-33,-24,-55,-49,-31,-35,-57,-175,59,
-8,9,-7,-39,-10,-30,1,-23,-9,-21,-36,-34,6,-5,-43,-156,59,
-31,-12,-15,-77,-4,-31,-65,-46,-26,-14,-53,-51,-20,-31,-63,-170,59,
0,21,-12,-31,-24,15,0,-15,6,58,-17,-20,11,9,-24,-143,60,
-1,17,1,-9,-23,35,-15,-17,-1,-13,-19,-15,3,-6,-21,-135,60,
22,37,31,-31,-19,57,26,1,21,11,-11,-10,23,13,-18,-136,60,
38,51,95,-31,24,24,61,23,42,37,15,15,43,37,1,-124,60,
49,57,57,-5,74,95,81,31,59,74,20,19,48,41,16,-115,60,
72,81,106,3,62,45,45,45,77,69,38,40,56,48,38,-67,60,
66,72,50,20,12,47,30,36,52,27,23,15,46,36,22,-95,61,
54,59,149,18,32,-1,30,23,39,29,15,14,23,28,7,-105,61,
26,36,40,3,21,7,-8,7,21,1,-12,-14,8,10,-18,-152,61,
-2,1,-15,-12,53,16,-3,-27,2,3,-33,-44,-8,-12,-35,-219,61,
-33,-27,-26,-73,17,-13,-32,-59,-32,-58,-70,-94,-37,-49,-70,-317,61,
-4,-4,0,-57,0,3,16,-30,-9,-13,-35,-45,-3,-11,-39,-258,61,
4,8,19,41,21,-9,0,-13,27,-16,-20,-22,17,7,-35,-186,62,
31,43,-5,7,35,22,45,23,42,47,12,17,46,34,1,-124,62,
6,14,42,-32,-22,24,-10,-10,5,11,-29,-24,12,1,-28,-146,62,
24,27,4,-34,0,53,-22,7,25,14,-6,2,28,20,-5,-113,62,
-2,1,31,-61,-41,21,-42,-16,3,-13,-32,-27,9,-2,-29,-130,62,
1,4,-2,-72,-17,-6,11,-11,1,26,-32,-23,1,-9,-37,-132,62,
-42,-33,-15,-92,-11,12,-23,-46,-34,-31,-62,-49,-34,-40,-62,-145,63,
-15,-3,2,-41,4,-19,-18,-17,-7,-35,-34,-24,-8,-15,-33,-134,63,
-52,-40,-82,-86,-28,-25,-10,-60,-48,-34,-75,-68,-54,-63,-85,-168,63,
-21,-9,0,-48,-72,8,-1,-30,-22,-11,-49,-37,-23,-30,-60,-144,63,
-35,-25,-5,-73,-138,10,0,-41,-24,-29,-57,-51,-28,-38,-64,-152,63,
17,25,8,-23,47,47,40,7,23,20,-14,-5,13,0,-14,-118,63,
-2,7,29,-19,29,24,-22,-7,7,-22,-15,-8,9,-4,-24,-114,64,
32,36,17,-3,56,30,14,18,34,3,13,24,46,36,6,-94,64,
5,16,-12,-8,24,23,5,-6,3,-7,-18,-9,22,9,-27,-117,64,
49,49,18,21,50,13,37,28,33,44,4,8,53,40,8,-107,64,
14,13,-5,-20,23,0,31,-2,3,7,-18,-10,24,14,-21,-106,64,
56,54,126,31,22,-11,34,31,36,22,21,27,60,52,27,-74,64,
12,12,-18,-35,8,-6,10,-14,-6,5,-22,-10,17,3,-25,-97,65,
46,39,42,58,13,45,12,22,35,8,14,19,36,27,14,-85,65,
8,5,-3,-21,-23,17,3,-18,-12,14,-24,-15,1,-6,-29,-98,65,
37,30,36,-2,-19,-9,-16,18,19,2,6,14,39,32,3,-81,65,
-5,-11,-22,-26,-69,-8,15,-29,-23,-39,-38,-29,-7,-13,-44,-112,65,
47,33,109,-12,30,64,35,13,26,33,1,5,33,22,0,-82,65,
14,5,-31,-27,10,-1,-33,-17,24,19,-23,-13,3,-10,-23,-102,66,
60,48,5,-12,19,63,40,27,34,-4,13,18,26,35,18,-75,66,
13,7,17,-68,-20,-12,-39,-16,-11,24,-27,-27,1,-4,-24,-96,66,
48,37,28,-3,23,46,31,24,22,58,1,-4,34,26,-3,-91,66,
1,-5,-4,-57,42,-13,-38,-16,-6,2,-32,-34,9,-5,-40,-117,66,
31,23,7,-28,13,13,8,6,7,21,-11,-21,29,16,-18,-114,66,
-19,-16,9,-75,-93,-48,-14,-30,-25,-45,-44,-47,-13,-22,-44,-123,67,
24,22,-1,-38,25,38,27,16,25,28,5,-5,33,24,-2,-108,67,
-6,-5,-21,-64,-2,-15,10,-10,-5,-12,-17,-17,3,-8,-24,-110,67,
19,18,18,-10,38,23,19,5,18,42,-6,-11,15,7,-15,-125,67,
-34,-37,-6,-83,106,8,-62,-46,-45,-70,-57,-51,-33,-42,-67,-152,67,
-2,-9,6,-50,7,15,8,-19,-20,-8,-35,-38,-12,-16,-40,-146,67,
-16,-21,-30,-43,-71,-4,-26,-30,-29,-58,-42,-38,-9,-18,-44,-143,68,
22,17,43,-18,20,0,2,12,10,20,-10,-10,6,13,-7,-132,68,
0,-5,-4,-32,-103,0,-3,-15,-6,-7,-31,-28,-4,-13,-35,-147,68,
29,25,48,22,6,17,5,10,20,15,-2,0,17,16,-4,-115,68,
8,4,-15,-56,19,22,11,-10,-4,17,-14,-15,-5,-11,-21,-131,68,
38,31,-9,-18,22,41,21,22,22,105,7,1,25,19,1,-131,68,
21,10,12,-26,-2,-4,-10,5,9,37,-1,-3,8,5,-11,-115,69,
25,12,36,15,-5,11,27,11,12,8,1,-1,11,8,-2,-119,69,
17,5,24,-17,-56,-5,3,-16,-7,-14,-18,-13,-6,-12,-26,-127,69,
22,11,33,-8,-66,-36,-22,-9,2,20,-20,-25,-2,-10,-25,-136,69,
-6,-19,-17,-51,-93,-65,-16,-37,-31,-44,-47,-45,-24,-30,-53,-151,69,
17,1,-24,-44,-50,19,8,-12,-12,15,-22,-23,1,-6,-18,-133,69,
0,-11,-4,-43,29,-33,-35,-24,-23,-11,-36,-39,-13,-21,-41,-149,70,
5,-17,-5,-58,-39,-37,15,-24,-18,-20,-37,-42,-19,-22,-38,-160,70,
9,-13,-61,-71,-68,-11,-17,-24,-21,-41,-38,-41,-21,-26,-46,-155,70,
-9,-30,-32,-39,-42,-33,-38,-38,-35,-29,-46,-50,-42,-46,-55,-183,70,
-11,-30,-55,-47,-4,-43,-67,-42,-44,-36,-58,-56,-41,-49,-62,-179,70,
-10,-29,-26,-70,-7,-41,-15,-50,-51,-48,-64,-69,-44,-51,-66,-197,70,
-6,-31,-31,-70,-111,-66,-43,-45,-46,-74,-56,-58,-47,-55,-61,-181,71,
-3,-30,-8,-77,-122,-27,-58,-40,-49,-49,-59,-63,-41,-51,-65,-197,71,
10,-23,8,-55,20,-20,-14,-26,-33,-9,-47,-52,-30,-40,-53,-189,71,
-1,-25,-16,-61,-63,17,-29,-28,-23,3,-39,-43,-21,-29,-37,-174,71,
23,-2,-3,-44,-8,-8,-6,4,1,10,-11,-14,5,-1,-8,-146,71,
20,2,18,-38,-23,-44,38,-3,2,-1,-10,-20,8,2,-16,-147,71,
52,38,26,-1,-28,5,6,32,34,84,26,20,45,40,17,-119,72,
23,14,-1,-20,16,-2,-14,7,10,20,-3,-7,15,10,-7,-123,72,
43,33,19,-27,-51,28,22,28,24,29,16,15,28,22,18,-94,72,
-12,-22,-16,-42,75,-46,-21,-24,-25,-6,-32,-36,-20,-27,-36,-138,72,
1,-6,-5,-62,-58,18,-26,-5,-8,-25,-17,-19,-11,-12,-20,-136,72,
-55,-54,-24,-98,76,-27,-25,-53,-41,-66,-55,-55,-57,-55,-65,-164,72,
-35,-27,-33,-51,-114,-51,-48,-36,-34,-61,-46,-48,-34,-36,-49,-162,73,
-49,-43,-49,-92,-80,-23,-74,-50,-41,-50,-48,-51,-52,-45,-53,-153,73,
7,5,-13,-31,-19,-48,0,-15,-4,-1,-14,-21,-13,-14,-22,-137,73,
-20,-26,-21,-52,-89,-57,-49,-36,-40,-53,-42,-45,-42,-36,-44,-140,73,
48,36,26,33,5,40,31,27,25,28,22,10,35,28,25,-92,73,
10,-2,-26,-22,-37,-25,-12,-8,-13,-37,-10,-17,4,6,-11,-110,73,
72,63,46,14,63,65,37,58,66,41,59,50,73,70,52,-60,74,
35,20,11,23,-15,-17,5,19,28,24,28,18,36,30,15,-79,74,
68,50,-3,-3,30,24,60,51,61,88,52,41,54,53,43,-57,74,
11,-2,-13,-3,-32,-39,48,-2,-3,-9,5,-1,-3,0,-4,-90,74,
54,41,69,12,46,54,44,41,37,23,46,45,36,35,37,-40,74,
5,-9,-16,-37,23,-18,-6,-9,-13,-9,-8,-12,-10,-13,-10,-62,74,
36,21,23,-48,19,23,34,24,18,-9,23,14,18,16,22,-56,75,
-18,-29,-37,-75,180,-20,-31,-25,-22,-6,-18,-19,-26,-22,-22,-87,75,
-18,-23,17,-26,49,-7,-25,-25,-26,-18,-14,-22,-23,-19,-26,-122,75,
-88,-83,-82,-74,-15,-50,-99,-89,-64,-78,-82,-105,-91,-94,-96,-258,75,
-61,-56,-70,-74,190,-26,-49,-58,-57,-60,-53,-74,-64,-63,-60,-260,75,
-72,-72,-48,-60,-114,-53,-17,-58,-65,-80,-50,-55,-63,-61,-66,-191,75,
-12,-11,-13,-6,-20,42,17,-5,-14,-18,-7,-11,-16,-16,-15,-113,76,
-36,-35,-3,-57,-99,-8,-53,-24,-33,-50,-19,-15,-32,-34,-26,-76,76,
19,13,17,-37,15,2,40,16,13,36,15,14,-20,12,4,-49,76,
-4,-12,-13,-9,4,-39,-24,-3,-9,-7,5,7,-10,-9,2,-43,76,
63,45,41,34,64,71,77,52,65,74,56,49,43,46,56,-8,76,
28,17,-4,-8,79,-19,46,19,15,4,29,28,15,12,19,-12,76,
55,39,7,18,1,71,40,50,41,34,54,47,43,46,48,0,77,
-2,-13,-20,-64,-35,6,2,-2,6,-21,6,7,-15,-11,-1,-29,77,
55,44,68,28,82,44,41,53,44,42,50,45,18,32,49,-1,77,
10,6,-26,-36,13,6,29,10,2,10,6,6,-2,-5,-3,-28,77,
43,38,29,11,22,-21,46,45,32,-7,39,40,37,37,31,-8,77,
-6,-10,-2,15,-68,-14,-13,-5,-20,-17,-8,-3,-16,-19,-17,-36,77,
12,12,58,7,-32,-12,25,15,6,19,12,16,6,6,9,-17,78,
-10,-21,-24,-36,8,-10,23,-1,-9,-21,-3,0,-13,-11,-10,-21,78,
3,-2,22,-4,-40,2,11,11,-1,-11,8,8,10,7,1,-22,78,
-3,-9,-19,12,-22,-14,1,-3,-18,-29,1,2,-18,-15,-17,-24,78,
8,4,11,-13,-13,-4,20,14,-1,13,11,13,-1,0,0,-11,78,
-3,-9,-8,9,63,0,15,2,-3,-30,7,15,-14,-10,-10,-12,78,
-3,-1,-13,-15,128,21,-27,-3,-10,-4,6,9,-7,-7,-10,-14,79,
-8,-8,-16,3,119,0,20,-2,-14,-17,6,15,-7,-5,-6,-3,79,
-11,-4,-3,-19,55,2,-24,-13,-18,-27,-6,-1,-14,-13,-12,-16,79,
-22,-17,-28,-18,-59,-18,30,-15,-23,-56,-6,4,-15,-18,-15,-5,79,
-17,-10,-39,26,-55,3,-4,-11,-18,-11,1,9,-14,-12,-2,0,79,
-14,-12,-46,-12,-92,-9,-42,-15,-23,-7,-6,1,-17,-15,-15,-7,79,
-6,-2,17,-25,-157,16,-13,-8,-14,-3,-6,-4,-45,-6,-9,-11,80,
18,16,20,24,28,40,-10,12,3,-6,19,27,-33,0,15,21,80,
9,1,-13,9,-65,-9,-28,-6,-9,45,-1,2,-3,-2,0,1,80,
15,13,39,25,58,28,44,-1,-1,10,8,16,-6,-6,7,14,80,
7,-3,-13,-1,14,-8,-5,-19,-7,1,-11,-9,-42,-12,-8,-2,80,
16,7,-26,-14,-18,14,16,4,-2,15,16,20,8,7,20,17,80,
-10,-16,2,-11,-101,-39,-11,-21,-30,-11,-17,-12,-28,-26,-11,-12,81,
-3,-5,-2,24,-118,-11,-1,-10,-7,-13,6,9,-8,-7,6,-4,81,
-37,-35,-38,19,-83,-59,-62,-38,-43,-55,-26,-18,-28,-28,-20,-26,81,
-16,-12,-61,6,-56,-21,-21,-20,-22,-5,-9,-1,-12,-10,-14,-23,81,
-54,-44,2,2,-97,-59,-1,-57,-61,-57,-47,-40,-54,-56,-53,-53,81,
-15,-12,0,-7,23,-14,5,-17,-25,-19,-17,-12,-23,-26,-24,-35,81,
-47,-48,-67,-50,-110,-24,-24,-36,-33,-25,-42,-36,-57,-50,-47,-50,82,
-19,-22,-4,11,89,-13,-16,2,-19,-10,-5,6,-20,-19,2,-13,82,
-62,-59,-31,-44,79,-23,-5,-51,-58,-71,-55,-46,-60,-60,-54,-57,82,
-6,-6,6,-29,86,11,22,-4,-17,-5,-5,-1,-12,-12,-5,-29,82,
-45,-46,-43,-37,55,-27,-62,-41,-56,-24,-36,-30,-47,-49,-40,-46,82,
7,-2,15,30,4,8,-20,0,4,-1,1,4,-1,-4,4,-18,82,
-37,-38,-41,-5,18,-63,-53,-40,-51,-69,-35,-28,-45,-45,-36,-41,83,
19,11,30,33,32,-41,-31,13,0,8,15,22,2,4,11,-3,83,
-9,-18,-31,-25,39,-24,-53,-26,-36,-40,-19,-14,-17,-19,-19,-13,83,
41,33,59,24,-2,27,0,29,22,16,30,31,36,33,39,17,83,
9,4,-23,15,68,0,-3,-5,-18,-27,0,5,-9,-9,2,0,83,
39,30,29,1,7,18,-33,32,16,38,31,33,24,20,22,11,83,
-20,-24,-13,-22,-85,-4,-43,-20,-27,-20,-19,-12,-22,-25,-25,-19,84,
23,21,41,22,17,-25,-8,19,5,27,28,29,16,12,32,16,84,
-48,-40,-13,-61,31,-56,-21,-35,-45,-41,-35,-30,-46,-46,-36,-26,84,
-7,-4,2,24,-72,6,3,9,-6,-10,2,5,-5,-9,1,-7,84,
-71,-67,-81,-87,-122,-78,-58,-52,-76,-55,-58,-48,-68,-70,-62,-51,84,
-33,-32,-12,10,65,-10,-27,-32,-49,-44,-31,-26,-52,-46,-37,-38,84,
-67,-61,-54,-46,-57,-62,-110,-65,-75,-55,-52,-42,-62,-67,-50,-35,85,
-17,-13,6,-8,61,18,-25,-1,-19,-46,-1,2,-5,-9,-2,-11,85,
-51,-51,-58,-30,72,-59,-4,-42,-68,-63,-48,-42,-61,-64,-52,-41,85,
-3,-2,3,12,-38,-14,51,0,-25,34,-5,-1,-8,-13,-7,-10,85,
-31,-24,-41,-51,-49,-9,-64,-23,-49,-39,-25,-13,-36,-39,-31,-15,85,
15,18,2,33,12,25,60,26,4,5,13,16,3,5,13,13,85,
-26,-28,-6,-55,-157,-7,1,-15,-31,-35,-18,-11,-29,-33,-18,-1,86,
23,17,-1,6,-12,28,26,39,21,14,37,41,31,29,42,37,86,
-11,-19,-1,-22,-76,-2,28,-3,-11,-11,-4,-3,-7,-5,-7,22,86,
29,23,37,28,37,31,20,30,21,16,23,22,33,31,24,44,86,
17,12,-19,5,-48,-8,18,12,22,22,13,14,11,8,19,45,86,
45,42,31,28,40,-19,33,37,30,58,39,32,46,42,43,57,86,
6,4,8,3,-47,39,3,1,-3,-29,10,6,7,6,8,34,87,
21,20,-11,23,40,41,-30,22,15,-7,27,17,23,24,29,41,87,
-8,-6,14,28,-17,13,-32,-8,-13,-22,4,-1,-3,-4,-9,24,87,
11,9,4,-3,-61,-4,31,12,12,16,21,19,10,6,19,30,87,
-20,-19,-33,-24,14,-39,1,-8,-19,16,-10,0,-34,-28,-13,17,87,
-9,-1,-22,7,123,-2,35,5,-7,-26,-2,1,-10,-9,3,14,87,
-10,-8,-2,-21,103,0,28,-9,-15,17,-9,-1,-13,-16,-9,8,88,
10,15,9,14,86,-18,-16,8,8,5,1,8,-5,-8,9,14,88,
-9,-1,-33,-32,-45,44,1,-8,-13,-33,-6,3,-35,-18,-4,15,88,
-5,-2,-16,6,-118,-32,-3,-9,-13,-15,-8,-7,-10,-12,-9,9,88,
-6,-6,-6,-35,-76,-11,17,-5,1,-12,2,2,-11,-11,8,24,88,
4,6,-34,13,-2,7,-43,-1,-2,-2,3,-2,-1,-5,5,27,88,
6,10,-8,23,21,-18,10,6,0,8,8,12,-1,-7,13,57,89,
8,15,-4,14,136,-7,37,16,-3,-19,12,8,3,1,17,57,89,
11,10,-28,23,74,10,27,9,14,38,10,5,8,3,15,41,89,
-9,-5,-6,36,156,-4,-8,-1,-11,5,-14,-21,-7,-12,-4,4,89,
-17,-13,5,-1,43,13,-30,-12,-22,-10,-27,-43,-19,-16,-23,-70,89,
-64,-62,-89,-67,-103,-108,-55,-56,-66,-109,-65,-88,-62,-61,-61,-168,89,
-24,-21,-25,-12,10,-7,-55,-22,-39,-68,-22,-26,-28,-33,-26,-90,90,
-17,-14,-9,-37,-166,-27,-35,-9,-24,-56,-12,-7,-18,-24,-9,-4,90,
4,8,-12,-7,37,4,-4,11,-5,-1,8,20,-1,-6,1,36,90,
-10,-8,2,-9,136,6,10,1,-7,20,1,10,-5,-6,0,44,90,
24,22,21,-40,-35,15,-2,26,16,1,20,28,18,15,20,64,90,
6,6,20,-10,43,43,-10,7,-4,-12,3,12,9,4,3,53,90,
24,25,-28,22,12,-16,34,27,17,-17,24,32,19,15,28,72,91,
-3,-7,7,-28,-41,33,-65,-6,-13,12,1,11,3,3,9,59,91,
40,35,82,24,14,15,30,45,24,45,37,46,39,36,39,80,91,
-6,-1,-24,7,-8,6,2,-2,-22,-37,-10,-2,-13,-19,-10,51,91,
35,38,17,17,37,53,41,39,12,35,23,25,27,22,20,73,91,
0,-1,-20,-41,-107,-18,-38,-2,-15,-17,-4,6,-4,-10,-11,59,91,
46,47,12,36,2,43,51,48,36,40,36,48,35,35,35,93,92,
-13,-8,-18,-12,-37,-19,0,-7,-9,-6,-10,2,-15,-17,-1,67,92,
29,34,28,31,-35,11,-29,35,25,75,35,42,34,29,32,87,92,
-15,-9,-14,-49,-67,-37,-32,-15,-28,-37,-17,-5,-40,-26,-19,56,92,
32,34,14,-2,41,22,29,35,25,25,25,33,30,19,34,90,92,
-19,-17,-10,-28,-134,-58,-1,-10,-20,-31,-16,-2,-45,-22,-15,67,92,
32,32,35,28,27,18,-8,37,25,13,32,41,29,22,31,98,93,
-6,-7,-15,-24,4,-12,6,1,-8,10,3,13,-1,-4,7,85,93,
53,51,40,57,19,48,56,50,47,50,49,59,46,46,49,115,93,
-1,0,-22,-4,18,21,-22,-6,-11,-33,0,14,-2,-6,2,91,93,
45,48,61,53,41,73,27,42,23,-6,38,46,28,33,36,110,93,
18,21,14,-17,35,7,23,14,4,48,10,24,9,2,14,98,93,
49,51,58,68,0,35,45,57,45,20,46,60,53,49,50,120,94,
8,9,3,-14,-24,5,17,11,2,-3,16,31,-4,3,9,102,94,
47,47,18,-5,21,43,18,51,42,13,46,56,-7,37,51,119,94,
-3,-2,7,-11,-21,-44,6,-1,2,12,-3,15,-7,-14,-6,90,94,
39,38,76,7,24,4,54,37,35,29,38,48,38,34,35,106,94,
-2,2,-2,-10,-25,23,11,0,-10,12,3,18,2,-1,1,86,94,
34,36,20,19,3,18,20,31,24,38,24,39,30,25,29,94,95,
-2,0,-6,-52,-60,17,8,-1,-10,-2,6,22,4,4,11,85,95,
38,39,30,41,3,-16,6,36,27,29,31,37,30,25,39,91,95,
6,9,-30,27,-43,-7,41,5,0,-36,7,19,9,-1,8,76,95,
37,39,59,20,10,21,13,32,33,0,26,31,40,35,37,81,95,
13,16,-5,4,-9,-4,22,6,0,1,4,18,19,12,10,78,95,
49,59,-3,-1,46,34,25,52,34,71,45,50,53,44,42,87,96,
11,13,10,-22,3,43,13,16,-7,14,14,26,16,14,6,70,96,
22,25,45,1,-15,31,25,18,5,15,15,23,21,18,18,69,96,
-6,2,-19,-5,-85,-34,13,-6,-20,22,-5,6,-1,-2,-5,61,96,
3,11,-22,29,26,-5,36,11,1,4,11,17,15,10,16,68,96,
-13,-7,14,-1,-15,1,11,-8,-10,-18,-8,-7,-10,-16,-13,54,96,
5,8,3,14,137,22,10,12,-5,-25,7,7,2,2,10,64,97,
-23,-18,-45,-24,-101,-13,-4,-6,-22,19,3,16,-16,-15,0,60,97,
16,17,-13,-6,-47,-20,7,22,4,-4,20,29,11,10,18,68,97,
-18,-12,-34,-17,-61,1,-37,-11,-22,-17,-10,4,-10,-17,-7,54,97,
-9,-2,6,14,-127,17,-59,-1,-5,-9,-3,6,-33,-8,-7,54,97,
5,4,-12,1,-75,-18,24,10,7,42,16,27,15,11,11,66,97,
6,8,-10,-27,21,-13,11,8,6,10,10,16,7,3,6,52,98,
12,10,49,20,-25,-11,27,26,11,32,31,38,23,18,35,80,98,
11,7,22,9,-85,-5,-32,3,3,-10,14,19,15,11,18,65,98,
4,1,-16,-14,-67,27,11,6,-1,-17,19,28,21,20,20,72,98,
-1,-3,33,7,-96,19,-33,4,-1,-19,8,12,15,10,12,59,98,
-2,-3,22,-18,12,13,-9,3,-6,-2,3,15,5,2,2,63,98,
-19,-14,-39,-46,47,-12,-9,-16,-24,-9,-17,-10,-10,-13,-16,41,99,
-3,-4,18,3,5,-1,-30,-4,-4,-29,0,12,-4,-4,0,57,99,
-18,-21,-25,-20,-19,-17,-9,-22,-21,39,-8,1,-28,-16,-15,40,99,
5,5,0,26,-51,5,6,-2,-4,10,5,16,5,2,4,54,99,
-12,-12,-32,1,124,23,-27,-16,-10,15,-7,5,-5,-9,2,55,99,
0,-1,-5,23,103,2,-1,-13,-13,3,-2,14,2,-5,-8,57,99,
-38,-40,-45,-45,65,-47,-26,-51,-54,-27,-41,-28,-39,-44,-41,29,100,
17,15,11,47,-26,-9,12,12,13,33,16,34,-25,15,15,74,100,
-13,-16,-33,-14,140,-19,-59,-23,-26,-3,-17,0,-14,-21,-14,59,100,
24,25,28,-18,2,25,28,17,11,26,18,28,21,13,16,79,100,
-8,-2,-12,12,183,21,10,-19,-28,-15,-19,-6,-17,-28,-24,51,100,
28,31,20,10,32,10,-37,22,15,21,12,25,18,15,12,69,100,
0,8,10,-10,14,-11,-18,-3,-3,9,-1,12,-4,-5,-2,62,101,
14,21,-2,30,-13,51,16,15,15,-16,12,28,21,16,15,67,101,
-39,-32,-33,-22,86,-37,-44,-37,-40,-28,-29,-14,-36,-38,-26,42,101,
1,6,-3,-29,32,-19,28,11,-3,8,6,17,-2,2,5,54,101,
-18,-19,-11,-21,8,-27,-28,-12,-18,-18,-15,-5,-11,-15,-19,37,101,
18,24,43,23,4,30,22,24,24,41,20,26,23,22,21,59,101,
-21,-14,-4,11,-92,-26,16,-15,-19,1,-18,-9,-35,-19,-20,35,102,
22,26,82,-15,-10,10,3,19,12,51,16,21,28,20,9,51,102,
-6,-4,-23,-15,-7,-18,-2,-12,-21,-63,-16,-8,-6,-15,-19,42,102,
41,42,22,13,30,45,8,32,29,26,31,37,40,33,30,63,102,
-8,-3,-16,-18,23,-3,-30,-5,-4,-17,-4,4,-6,-11,-3,53,102,
37,42,27,82,36,34,40,46,40,39,36,38,38,34,43,84,102,
-3,-2,-32,1,37,-15,21,-1,-7,-7,-1,5,0,-8,2,69,103,
28,29,18,52,25,7,-6,35,22,37,32,24,25,21,28,82,103,
-16,-15,-1,-29,-34,-29,-28,-7,-10,-9,-5,-7,-9,-10,-9,55,103,
25,26,18,13,26,41,4,35,19,18,20,17,25,24,21,57,103,
-45,-45,-53,-34,-47,-36,-10,-37,-53,-36,-46,-53,-45,-47,-42,-36,103,
-33,-33,-25,-68,110,-31,0,-24,-32,-25,-32,-59,-25,-24,-24,-104,103,
-52,-45,-33,-49,146,-8,-9,-39,-44,-57,-36,-53,-36,-41,-31,-81,104,
7,14,21,9,-19,-18,17,22,6,44,21,14,-11,15,18,15,104,
-16,-11,-2,-2,-13,12,37,-5,-6,-5,-10,-8,-7,-12,-12,36,104,
34,38,82,37,-1,16,25,50,44,36,36,35,45,39,44,82,104,
5,10,-3,-32,5,7,-20,21,11,-8,7,13,14,9,6,72,104,
38,36,9,37,55,55,43,46,36,40,31,33,37,31,30,77,104,
2,-1,-11,8,36,3,29,5,-2,-30,1,7,7,0,0,75,105,
31,29,19,13,28,26,24,38,56,52,34,38,43,39,48,100,105,
-5,-3,5,-42,-66,18,-17,5,0,4,3,7,7,2,9,76,105,
12,10,10,-31,-43,20,31,13,7,-4,12,10,16,12,10,71,105,
-12,-13,-14,-13,63,-4,15,-5,-20,3,-11,-2,-5,-11,-5,68,105,
-1,6,-2,7,113,-17,-44,7,-6,0,0,13,-2,-8,8,74,105,
-11,-4,-1,-65,31,0,-26,-6,-21,-34,-11,4,-11,-16,-11,71,106,
19,24,20,17,-16,28,16,33,25,85,25,34,26,21,23,87,106,
-6,-1,-21,-8,53,4,4,3,2,-3,0,14,0,3,4,80,106,
13,17,6,11,10,-13,0,21,4,7,12,25,19,16,21,93,106,
-9,-1,8,10,-17,0,-31,3,-2,-24,-2,12,6,6,6,84,106,
13,27,9,-7,18,26,33,20,6,48,14,22,15,14,19,88,106,
-3,12,-3,-23,-37,17,-5,7,10,8,7,26,1,-2,5,92,107,
19,34,41,-18,-3,32,39,36,15,52,31,42,19,28,23,106,107,
0,17,17,-19,-26,16,-8,17,-1,12,12,27,6,3,6,100,107,
19,27,31,-31,-20,47,10,23,7,13,18,27,11,12,16,101,107,
17,24,27,56,-3,-10,54,31,7,-4,21,36,21,20,15,113,107,
22,27,32,43,-3,3,32,28,11,43,20,32,18,14,16,106,107,
16,21,16,27,-41,11,3,22,27,8,20,31,15,13,20,115,108,
12,15,58,-22,16,-20,41,19,2,-9,16,27,12,11,14,108,108,
18,23,30,34,-32,24,26,31,15,12,27,42,18,16,26,121,108,
10,18,91,0,6,-7,36,23,6,-19,15,25,5,0,12,103,108,
8,14,25,-10,0,14,15,25,10,6,20,36,14,7,14,100,108,
-2,5,-2,-18,22,-3,-3,17,5,25,11,23,16,12,10,94,108,
11,16,-15,-21,-7,30,45,23,6,42,22,32,23,20,12,93,109,
3,9,22,-10,-15,-18,18,19,19,51,18,28,17,12,14,93,109,
17,19,-13,38,-27,28,23,31,14,41,25,34,18,19,20,100,109,
0,3,-18,3,47,-12,30,16,-2,14,10,18,7,7,10,85,109,
30,30,38,35,-3,35,49,42,36,37,29,36,25,28,33,95,109,
4,6,16,25,-14,26,24,22,-2,6,10,19,13,15,13,77,109,
34,37,70,1,18,58,45,48,48,13,40,50,34,34,39,99,110,
-7,-2,9,33,44,15,14,9,-2,-9,-3,11,-3,-4,2,73,110,
23,25,21,9,2,38,5,31,22,66,28,40,27,29,28,91,110,
-6,6,19,-40,-13,-27,-11,4,-8,-12,0,10,0,-3,0,76,110,
36,41,9,38,17,11,35,52,34,21,47,54,43,42,48,107,110,
-4,1,8,-9,23,9,-2,2,-15,9,-4,7,1,-5,-6,70,110,
22,26,26,67,7,-28,10,26,20,22,26,36,27,23,22,85,111,
6,11,-14,-6,-2,3,23,15,-2,-28,17,27,10,12,19,85,111,
33,38,52,28,24,34,41,40,30,9,38,45,35,35,32,97,111,
0,0,-9,14,-38,-6,4,7,-5,-16,5,14,4,-1,-1,75,111,
39,39,56,18,6,24,23,41,30,4,39,46,42,43,33,95,111,
6,7,-4,24,-16,6,-8,12,24,8,20,31,19,16,19,88,111,
38,36,17,1,36,21,44,44,39,44,49,58,53,50,53,107,112,
2,2,26,17,4,-29,-14,21,-1,-19,17,26,14,13,23,91,112,
37,37,41,9,38,48,64,49,32,94,47,51,46,45,44,100,112,
-8,-4,12,-6,-4,10,-23,10,8,-8,20,22,8,7,14,83,112,
33,31,5,30,-27,15,-2,45,29,45,46,53,38,37,45,102,112,
-13,-13,-5,3,-65,-18,-28,2,5,-11,6,16,-5,-5,4,77,112,
39,34,43,53,-4,56,16,41,48,40,40,46,38,31,43,92,113,
-5,-6,-55,-5,-55,12,-14,-1,-2,-8,6,15,1,-1,6,79,113,
40,36,37,37,61,-16,20,35,34,8,40,46,40,36,30,89,113,
-6,-8,6,-15,15,4,7,0,-1,5,8,18,1,-2,7,79,113,
49,41,24,-5,1,24,26,53,48,47,57,62,59,56,63,113,113,
5,1,28,-6,31,0,7,11,1,-13,15,25,16,16,13,87,113,
33,26,15,25,3,14,60,39,37,-1,38,44,49,42,37,96,114,
-2,1,-17,-17,-13,-19,26,6,-5,3,16,26,14,14,15,93,114,
28,28,56,58,4,24,44,39,29,2,42,49,38,37,38,105,114,
-1,-3,27,-10,-55,36,20,10,7,-13,11,25,10,8,7,93,114,
41,42,5,25,78,31,7,44,26,18,35,42,42,38,30,106,114,
9,10,25,28,-10,15,-28,4,-3,-31,5,19,9,10,4,93,114,
34,29,-12,-25,-23,22,34,32,23,82,33,41,42,36,33,102,115,
0,-1,22,1,-39,-5,-14,6,-6,12,11,22,13,13,5,83,115,
20,19,-2,-4,37,10,31,19,10,19,22,27,28,26,10,80,115,
-2,-2,-31,-12,-65,17,14,6,0,-8,20,28,6,6,13,91,115,
15,11,-15,31,45,-28,-5,25,11,-10,19,22,-4,17,30,92,115,
-2,-8,-7,-14,-16,-14,3,2,-8,35,5,14,1,-3,4,79,115,
11,6,-16,-5,-92,-21,-1,16,18,26,10,11,-2,13,18,76,116,
8,5,-10,-33,-41,-11,12,10,3,9,12,19,-9,9,18,75,116,
11,11,49,15,-21,3,20,12,38,2,8,10,13,12,17,65,116,
0,-5,5,-9,-48,-21,9,-2,-6,18,-5,8,-7,-10,10,72,116,
19,15,36,7,83,-11,4,22,11,22,14,22,10,11,28,83,116,
22,24,18,27,10,43,23,27,17,48,24,34,17,15,36,93,116,
26,29,66,23,30,2,23,37,23,32,26,30,29,29,37,86,117,
25,24,46,31,50,59,18,43,38,-3,37,49,34,31,44,123,117,
18,14,7,7,68,35,8,24,17,16,24,25,23,23,28,104,117,
11,7,11,1,-1,14,-23,19,21,-19,20,25,18,17,22,91,117,
-6,-7,4,-32,11,33,14,3,-3,2,1,3,6,7,9,69,117,
-28,-29,6,2,149,11,-29,-16,-10,-14,-21,-25,-15,-13,-22,4,117,
-58,-58,-44,-19,-130,-93,-86,-44,-43,-48,-53,-71,-46,-45,-54,-110,118,
-17,-18,-2,7,-26,-11,-3,-9,-9,5,-7,-15,-11,-7,-13,-56,118,
-19,-17,-27,-22,134,-7,-25,-16,-16,-36,-10,-10,-54,-9,-21,9,118,
23,23,12,26,60,18,22,30,31,11,29,34,28,27,18,72,118,
17,23,-28,27,38,5,1,23,25,-7,24,26,23,21,16,88,118,
39,37,46,2,80,27,22,41,54,52,41,44,38,36,39,108,118,
8,6,-3,24,14,-19,19,12,6,2,7,12,11,11,11,87,119,
39,38,44,47,27,35,75,41,54,46,41,45,48,46,37,108,119,
1,6,12,-16,-63,36,-10,9,3,-11,14,19,8,8,8,91,119,
25,27,13,-25,37,34,3,24,27,24,27,32,26,28,24,100,119,
-11,-6,40,-10,56,-32,-2,-1,-2,17,0,4,1,-2,-10,74,119,
32,36,13,-15,38,7,41,43,44,90,48,51,45,39,44,112,119,
-3,1,7,-14,-68,12,21,10,13,-5,17,25,16,11,9,90,120,
33,29,27,2,-20,-4,24,39,30,17,39,45,38,36,34,107,120,
1,6,-2,-2,4,28,2,4,-1,-22,2,8,0,-2,-8,87,120,
34,37,-23,30,41,40,53,45,37,1,38,45,39,36,31,113,120,
2,5,-12,-38,-85,-18,-39,1,1,-10,2,8,10,2,-15,81,120,
42,44,4,26,-5,23,45,46,40,74,42,48,50,44,37,120,120,
-1,6,-9,-3,3,8,-1,17,19,13,19,27,13,12,12,109,121,
48,51,57,20,38,46,52,57,56,76,57,62,55,52,46,126,121,
22,29,25,0,-19,13,39,26,37,17,26,36,24,15,22,118,121,
48,51,28,24,29,60,11,52,54,31,47,52,52,47,47,130,121,
12,15,19,41,32,26,23,25,24,17,27,36,31,28,30,125,121,
64,66,163,29,46,92,67,68,65,55,66,73,71,69,65,148,121,
25,25,26,30,4,-10,25,26,31,59,29,43,33,30,27,128,122,
56,60,71,73,49,12,70,60,58,36,65,74,67,67,59,148,122,
9,14,4,15,-24,32,-29,17,15,26,18,35,23,18,7,119,122,
47,47,28,17,-5,5,9,44,44,2,45,55,50,47,34,129,122,
5,9,6,37,-68,-13,-3,-3,3,-18,3,14,12,4,-9,98,122,
48,51,57,24,2,33,46,46,64,77,48,57,45,45,48,127,122,
9,8,11,8,-3,20,12,8,28,23,18,27,8,3,12,109,123,
40,42,34,63,38,13,41,53,53,62,50,58,45,42,48,122,123,
18,18,-1,5,38,58,34,19,21,-2,21,29,19,17,16,103,123,
50,42,35,55,5,70,31,45,48,43,53,58,50,46,60,122,123,
16,13,9,35,44,31,10,15,33,36,25,34,25,21,18,101,123,
49,42,15,-1,29,54,42,52,52,41,49,46,48,48,42,105,123,
14,10,-12,24,-15,0,21,23,24,35,27,33,-9,27,15,89,124,
40,36,10,83,7,52,64,52,48,60,47,53,55,54,42,97,124,
16,12,40,34,35,17,26,17,28,30,13,22,19,19,10,78,124,
50,43,-2,77,25,47,45,58,48,79,44,43,55,52,47,93,124,
19,17,19,22,27,54,-20,30,23,27,33,35,29,27,30,90,124,
44,33,65,42,0,49,67,47,49,29,44,44,45,43,45,99,124,
15,15,4,-8,-33,-4,37,19,11,21,15,21,12,13,6,83,125,
49,48,192,34,13,5,59,57,41,48,47,50,44,44,51,102,125,
23,25,49,47,14,14,21,25,19,-12,26,33,24,23,22,92,125,
25,24,8,21,-1,8,20,21,41,-14,14,16,19,17,19,82,125,
28,28,25,24,29,27,31,32,47,42,26,32,25,22,28,92,125,
41,44,47,69,76,67,2,35,31,9,29,31,33,31,29,90,125,
30,35,32,34,27,38,69,37,32,6,34,38,42,38,33,100,126,
45,43,9,81,27,0,28,60,45,53,50,51,50,48,46,104,126,
41,33,30,72,29,8,44,45,34,76,39,45,41,39,35,102,126,
42,45,22,68,82,64,42,60,49,16,48,49,54,53,42,101,126,
41,36,77,28,45,-16,5,55,48,52,50,55,52,55,42,112,126,
28,29,-1,32,17,22,21,33,37,27,33,33,32,28,23,96,126,
31,33,16,63,49,78,-6,31,35,14,-8,47,33,26,20,95,127,
26,30,38,17,31,41,17,29,39,66,13,34,30,28,23,92,127,
32,37,59,20,10,58,19,46,44,12,36,44,44,45,34,94,127,
29,30,-4,39,19,30,28,30,28,26,22,27,33,30,14,76,127,
40,40,30,42,4,58,31,49,45,35,37,44,49,44,39,94,127,
14,11,3,-2,-5,36,-3,19,21,-1,18,20,20,16,17,85,127,
40,41,44,23,15,24,60,43,41,10,36,40,41,38,38,94,128,
19,18,67,38,9,8,18,27,22,21,24,29,21,23,22,85,128,
49,46,106,82,-10,5,26,53,57,114,48,52,56,53,49,109,128,
26,24,17,9,-13,26,52,32,34,36,25,25,36,34,21,95,128,
60,61,65,44,32,64,59,61,62,49,48,53,58,57,42,108,128,
15,15,-24,-38,21,43,28,15,23,36,18,19,19,19,12,91,128,
48,47,58,39,68,15,49,53,48,84,48,56,47,45,54,125,129,
14,17,-13,35,23,-10,59,30,16,42,23,25,22,19,28,104,129,
52,53,18,39,58,20,69,49,41,43,43,45,43,41,43,109,129,
26,25,-5,54,3,18,36,23,22,30,13,17,20,23,5,83,129,
56,54,104,41,24,8,29,50,49,75,42,42,51,49,40,96,129,
29,27,16,-16,41,-50,-4,24,23,54,18,17,19,18,19,84,129,
56,58,-9,40,7,13,58,49,39,20,35,37,38,35,40,92,130,
15,20,22,44,13,11,27,14,10,1,8,9,19,13,6,72,130,
50,54,50,48,20,59,37,52,45,15,42,43,49,47,45,98,130,
3,6,7,-2,2,4,48,6,3,14,0,0,2,3,-1,60,130,
47,45,15,65,16,78,68,40,33,14,35,34,44,44,36,82,130,
8,11,-12,28,37,37,19,9,13,5,11,11,6,7,12,75,130,
56,57,22,20,62,54,44,54,42,38,46,47,49,48,42,89,131,
13,20,-8,31,-3,3,-2,18,8,-2,16,19,16,15,20,80,131,
62,70,187,83,86,66,42,62,57,38,50,51,55,56,50,107,131,
24,29,36,27,0,-7,23,26,16,6,24,28,16,17,17,98,131,
51,53,25,3,18,70,47,55,45,25,49,42,48,47,45,110,131,
5,3,6,27,16,6,28,6,-7,-16,-1,-6,0,1,-7,60,131,
44,38,16,17,41,20,55,42,37,90,37,30,44,38,42,75,132,
-28,-29,-36,-2,76,-62,-2,-22,-31,-47,-27,-39,-44,-25,-20,-34,132,
-2,-5,-36,-21,13,9,-42,-1,12,-7,-5,-36,-7,-5,-4,-95,132,
-29,-25,-36,1,-62,-24,-47,-25,-21,-30,-18,-32,-35,-34,-30,-57,132,
38,36,69,5,60,41,42,38,29,53,43,41,35,33,35,55,132,
17,14,-6,75,-6,14,29,23,15,60,25,31,12,13,22,90,132,
56,56,-5,94,92,91,66,57,57,63,60,58,49,48,63,117,133,
28,22,26,26,70,56,50,37,27,46,37,39,22,18,36,112,133,
64,58,43,61,55,69,64,63,62,29,59,56,50,43,55,121,133,
9,8,42,24,33,20,8,12,18,7,15,18,9,7,6,92,133,
52,52,-2,38,31,20,30,49,55,16,49,44,47,42,40,108,133,
28,27,-8,55,15,-3,46,36,43,33,33,38,34,33,30,115,133,
45,43,4,86,20,6,44,53,59,6,49,41,44,41,49,122,134,
19,22,50,54,16,30,35,32,28,40,38,31,16,18,36,117,134,
50,49,41,45,4,34,75,59,53,87,52,42,43,41,49,120,134,
20,20,54,26,18,15,3,37,34,19,43,38,29,26,40,125,134,
25,18,-10,29,3,45,51,35,25,11,31,21,26,25,34,106,134,
12,5,35,6,15,56,70,19,26,14,24,17,22,16,24,106,134,
24,24,18,28,50,17,32,29,50,76,31,23,37,30,26,113,135,
17,18,22,1,18,-4,7,21,15,-1,16,13,11,8,12,110,135,
38,40,-1,65,51,46,30,34,35,21,27,20,28,28,25,116,135,
33,35,44,28,-9,35,0,27,21,-20,19,16,24,21,15,114,135,
35,34,-16,6,28,76,43,41,48,17,32,24,37,36,35,128,135,
42,42,46,54,26,46,22,48,49,10,37,36,34,31,36,143,135,
52,49,113,73,59,-2,45,56,47,35,48,41,52,49,50,142,136,
51,45,53,85,56,24,69,53,38,86,48,43,51,48,47,151,136,
57,53,82,53,13,23,60,59,46,18,49,47,45,47,50,149,136,
47,48,103,33,-2,44,21,36,58,31,32,34,12,23,31,139,136,
37,39,35,45,9,40,64,29,31,14,24,29,26,17,27,132,136,
38,42,15,24,19,51,20,34,37,42,33,43,30,25,34,137,136,
10,12,4,-6,22,15,1,8,8,-19,5,15,12,8,9,114,137,
33,37,42,44,12,20,28,38,31,56,38,49,26,28,38,132,137,
16,19,-13,39,10,36,4,11,12,39,10,16,9,2,13,105,137,
34,37,34,29,39,66,19,39,43,11,36,44,36,34,34,121,137,
29,29,29,57,5,36,34,30,24,16,25,29,26,20,24,111,137,
60,59,11,48,72,43,56,54,39,80,46,47,41,35,45,119,137,
15,14,1,0,48,9,50,13,4,23,8,7,0,-5,4,80,138,
49,45,-5,51,28,100,49,53,42,36,51,49,34,35,49,112,138,
11,15,-7,-17,-23,10,0,20,5,31,8,7,-3,-6,11,86,138,
47,52,40,43,24,38,22,58,46,25,50,48,43,39,44,108,138,
7,12,35,12,-7,-7,-3,15,4,17,4,5,8,0,9,84,138,
40,40,179,61,11,64,20,43,38,22,40,37,-20,32,36,102,138,
16,19,15,-11,30,21,51,12,7,3,7,7,6,4,10,84,139,
50,51,27,51,18,20,30,54,38,39,48,45,34,37,51,106,139,
28,28,34,16,7,58,41,29,27,-20,31,32,33,30,32,102,139,
49,52,3,67,44,72,51,55,48,91,53,49,53,46,47,105,139,
12,11,29,46,37,24,-12,14,8,49,17,14,16,8,18,84,139,
42,40,193,54,85,37,58,49,49,56,46,44,52,47,45,103,139,
11,16,54,19,-18,8,20,18,14,-19,23,22,16,12,24,95,140,
55,59,112,62,27,32,52,63,62,45,65,61,52,56,69,121,140,
8,20,19,13,1,-55,8,17,14,13,21,18,11,10,18,88,140,
48,53,117,55,73,58,45,56,48,71,51,48,50,47,51,103,140,
1,8,11,19,-7,7,15,11,6,-32,17,18,9,7,9,84,140,
35,38,18,37,45,36,0,40,39,32,40,34,31,33,34,92,140,
-10,-9,25,-23,-43,-3,-46,-2,-3,-14,-6,-4,-3,-7,-16,61,141,
42,44,15,67,13,10,11,44,45,52,45,39,39,39,43,96,141,
-5,0,-2,-5,6,-11,-15,0,14,24,7,11,0,-3,5,75,141,
43,46,21,62,54,45,-2,43,39,17,37,37,35,39,37,86,141,
3,3,50,9,62,-13,25,3,5,-8,2,7,7,5,-1,65,141,
43,44,50,47,37,70,33,46,37,58,40,39,43,40,41,87,141,
9,12,-11,6,-28,-2,-14,11,2,-21,7,8,-2,-3,7,70,142,
61,63,51,53,70,71,62,60,52,39,57,54,53,51,66,103,142,
14,15,-14,21,28,24,40,13,27,-15,13,15,6,6,12,73,142,
54,54,5,65,20,60,44,52,41,12,44,40,50,48,48,93,142,
17,14,37,26,-15,-17,2,10,8,30,5,13,9,8,3,73,142,
52,50,154,3,21,73,40,46,38,15,35,35,38,39,36,92,142,
6,7,5,1,-10,39,29,10,8,6,12,19,9,8,4,77,143,
31,33,-12,9,27,18,18,31,24,11,22,26,22,21,21,88,143,
8,9,-4,-3,-40,-24,27,6,7,-9,5,10,6,2,3,74,143,
28,37,137,44,-5,7,46,26,21,43,22,22,32,27,16,80,143,
-3,0,-34,39,-20,-23,-23,3,-7,-19,-2,1,5,1,-7,65,143,
17,13,-39,30,27,8,9,18,12,30,9,3,16,12,13,56,143,
6,7,-11,40,-28,-18,5,17,21,41,16,20,11,11,10,65,144,
31,24,49,57,45,8,19,43,40,20,50,46,40,39,48,85,144,
11,4,38,5,-7,-5,-34,10,4,36,17,19,5,3,7,65,144,
20,18,46,48,39,-18,43,21,11,25,16,10,20,20,18,58,144,
12,13,-10,34,-10,12,-8,13,13,-2,11,11,9,10,11,53,144,
11,13,-6,16,20,26,16,25,14,48,24,20,18,20,28,59,144,
-2,0,7,-23,-16,-19,30,10,-5,20,10,9,4,2,13,51,145,
15,16,2,20,12,45,41,26,11,4,23,21,17,15,19,57,145,
19,19,-6,50,-8,24,25,12,24,10,8,11,6,6,2,52,145,
21,24,115,-16,19,23,16,20,15,11,19,11,12,11,17,51,145,
32,31,20,23,-14,22,7,31,17,48,31,30,15,10,21,76,145,
29,27,17,47,17,26,6,16,6,13,16,12,12,8,18,75,145,
23,18,5,-5,11,-3,-7,6,12,-26,18,14,0,-4,15,65,146,
-3,-1,-55,35,7,10,-21,-14,-4,-29,-9,-12,-15,-16,-6,41,146,
-1,1,-10,-8,3,-23,5,-6,-6,-9,-2,-6,-9,-11,-3,22,146,
-30,-28,-36,-36,120,-29,-34,-42,-43,-29,-41,-68,-36,-37,-44,-100,146,
-24,-26,-16,-29,-46,-15,-37,-26,-23,-40,-9,-32,-19,-18,-14,-102,146,
-21,-16,1,-14,-42,9,6,-22,-18,16,-6,-22,-10,-10,-20,-43,146,
15,20,76,15,39,20,22,16,15,36,30,26,10,24,16,38,147,
-4,-3,31,-19,-6,-48,2,-2,7,7,13,14,5,6,3,52,147,
21,18,-5,21,-3,36,-15,23,32,-19,33,26,26,24,23,73,147,
-1,-5,-4,-4,0,22,7,9,8,27,6,8,5,1,3,62,147,
26,24,9,28,52,41,42,36,22,-8,31,33,29,26,30,83,147,
-6,-6,24,31,9,19,-18,-2,-12,-6,-2,-2,-34,-8,-4,53,147,
38,38,88,11,11,14,38,51,34,81,47,46,45,42,44,90,148,
15,9,-5,-26,3,22,18,19,18,19,26,29,31,30,21,82,148,
47,46,6,35,22,62,26,44,45,22,43,39,41,43,41,92,148,
23,17,15,29,27,-3,15,25,13,17,29,30,18,20,17,81,148,
53,45,-16,35,-21,12,37,50,36,63,50,48,43,47,40,96,148,
12,15,26,45,16,-10,19,10,-3,-8,5,4,0,2,-6,61,148,
41,46,178,28,21,-11,17,42,30,-10,29,32,4,28,25,88,149,
4,5,-15,-15,-7,26,10,6,-7,-23,11,9,4,2,1,79,149,
47,44,-15,24,16,52,12,47,30,51,40,35,44,41,36,95,149,
0,-3,-27,13,60,-6,6,7,-11,-1,-1,1,-5,-7,-1,73,149,
42,38,152,61,-3,16,75,45,32,32,39,35,34,32,35,95,149,
5,5,-14,-18,-29,38,35,11,17,-6,15,18,6,8,5,89,149,
61,55,120,15,95,61,35,54,59,29,54,53,50,49,41,113,150,
26,27,24,1,19,10,3,28,16,37,35,37,26,26,26,105,150,
64,60,27,18,14,41,49,63,52,46,58,59,61,57,59,129,150,
31,30,95,27,27,37,3,29,13,5,23,27,26,25,19,110,150,
67,65,-18,81,70,68,60,63,52,69,64,63,66,67,57,131,150,
9,17,23,0,7,-16,48,11,9,43,19,21,6,8,12,106,150,
38,45,-25,36,50,44,33,46,50,30,51,53,39,44,48,129,151,
8,14,-26,8,3,-1,14,14,4,-2,15,20,5,6,15,111,151,
26,31,1,-13,26,31,37,32,36,20,28,24,33,32,23,111,151,
1,2,12,-14,-55,7,-36,1,4,-27,4,-3,-5,-2,-7,90,151,
31,34,-24,33,-13,35,34,37,31,49,40,35,31,35,34,109,151,
1,4,0,-37,-11,-43,-11,3,-5,20,5,5,3,5,1,90,151,
35,38,-34,42,12,36,-19,35,28,32,35,23,24,36,33,96,152,
-2,2,10,18,-8,23,-61,1,-4,-29,8,1,5,6,-1,76,152,
36,42,91,6,-26,-1,3,31,28,34,28,16,36,35,29,86,152,
7,15,-3,-13,2,4,25,2,-2,32,8,3,0,2,9,77,152,
31,36,89,25,2,39,35,17,12,71,20,8,26,28,21,79,152,
15,23,-17,12,-11,-6,-8,11,21,-2,29,20,19,22,31,95,152,
18,17,24,32,20,24,12,17,13,-22,26,18,14,15,17,76,154,
1,3,14,-3,-43,-49,6,7,-2,-13,17,18,2,-2,2,72,154,
19,18,59,62,-29,25,28,21,13,0,21,20,21,22,26,83,154,
10,10,10,-12,-12,-34,-20,5,-2,0,5,5,-22,2,0,69,154,
25,22,45,-23,-8,10,5,17,9,-2,18,13,17,15,16,76,154,
11,14,-19,18,36,-1,-12,10,6,50,12,10,7,8,15,80,154,
26,33,-10,23,17,16,18,21,15,7,15,11,14,18,16,73,155,
37,41,82,9,5,-5,6,40,37,42,32,33,26,28,34,92,155,
7,12,-18,-11,12,-5,-40,4,-4,0,0,-6,-4,-5,4,69,155,
23,26,12,-18,16,32,-13,16,6,-9,14,12,3,3,12,72,155,
1,8,16,-16,-29,4,-32,-2,-11,-23,-8,-9,-10,-11,-1,61,155,
18,22,-12,-28,21,7,28,18,5,-12,14,13,4,0,18,77,155,
6,13,-31,10,7,-17,-47,3,-6,-15,3,0,-6,-6,2,64,156,
18,17,27,-8,2,41,-14,19,20,-17,20,21,19,17,23,85,156,
3,4,-22,-55,14,20,-47,9,12,20,2,-2,8,5,9,66,156,
30,31,36,23,23,-46,7,40,32,6,38,34,33,35,43,94,156,
10,10,-22,12,4,25,25,20,16,5,11,8,9,9,23,83,156,
36,33,170,30,11,34,23,40,28,36,33,31,26,21,42,100,156,
4,3,108,-41,4,-10,-7,0,19,17,6,2,-9,-8,9,78,157,
41,40,208,25,40,7,28,46,34,-4,44,38,34,32,51,107,157,
13,14,1,9,-13,24,-18,12,-1,9,1,-8,-1,-4,12,82,157,
46,48,128,16,39,51,45,43,27,0,34,22,26,22,45,110,157,
1,1,0,-27,-30,1,-49,4,-7,-6,2,-4,-12,-12,9,88,157,
28,31,40,50,56,67,14,38,29,47,39,39,24,29,40,105,157,
-7,0,-8,-49,62,0,-6,0,3,-31,1,0,-11,-6,0,78,158,
38,40,93,50,36,9,36,44,75,2,41,36,42,45,43,96,158,
-6,-3,3,2,31,-14,11,2,-8,-28,3,1,4,1,1,69,158,
28,27,2,58,45,22,28,34,35,26,36,32,33,34,39,90,158,
-13,-5,7,-50,-76,-11,1,-9,-14,1,-10,-14,-15,-11,-7,55,158,
31,35,45,29,29,25,38,33,19,63,24,20,7,22,28,76,158,
-11,-10,-28,14,-22,-32,20,-8,-15,-53,-15,-17,-12,-14,-13,50,159,
13,14,0,-17,-19,-19,9,24,5,-28,17,10,14,16,13,62,159,
-21,-17,1,33,44,7,-8,-10,-26,-16,-16,-22,-24,-26,-23,42,159,
21,22,94,30,11,11,25,35,22,19,34,25,30,27,28,72,159,
-25,-18,4,-27,-26,14,-17,-11,-23,-16,-11,-12,-15,-18,-11,52,159,
22,27,75,15,57,65,21,32,20,33,25,20,18,17,26,68,159,
-2,6,34,-34,-28,-3,13,5,-5,11,-2,-1,-6,-4,-3,67,160,
37,42,-14,31,63,31,41,43,28,28,39,33,37,36,37,99,160,
2,5,-10,-35,-8,-24,21,0,-11,30,-10,-11,-10,-8,-2,65,160,
43,42,-16,17,28,-11,24,42,26,42,22,17,29,30,27,70,160,
3,0,24,-10,2,-25,-9,3,-6,-8,-7,-12,-6,-5,-13,45,160,
6,0,-26,16,-3,-12,-12,3,-17,4,-12,-44,-6,-7,-11,-46,160,
-49,-45,-49,-77,-116,-75,-85,-45,-59,-60,-51,-87,-52,-51,-53,-120,161,
16,16,60,38,8,20,-15,26,10,-32,21,1,7,7,15,-31,161,
-13,-14,-12,-32,14,-10,12,-10,-24,-34,-13,-18,-15,-14,-17,13,161,
27,30,96,47,77,22,43,28,11,19,20,12,17,18,21,62,161,
3,6,-25,-24,-11,-34,-3,6,-11,-44,-4,-4,-1,-3,-5,61,161,
23,25,52,4,24,25,31,24,18,41,15,8,26,25,17,63,161,
-19,-17,-8,-36,-25,10,-3,-12,-17,18,-5,-6,-16,-17,-13,51,162,
12,20,2,26,1,-6,31,19,41,31,15,12,10,17,22,64,162,
-12,-8,-1,-12,-24,14,-2,-15,-18,4,-12,-10,-12,-15,-14,56,162,
13,20,-22,2,-63,-17,-17,14,12,-20,8,9,13,10,16,71,162,
-4,4,-23,-51,-25,17,11,3,-2,-16,1,4,-8,-9,5,72,162,
12,14,27,-25,11,-54,8,12,8,2,4,1,3,4,4,62,162,
10,14,75,-28,-24,5,16,11,8,29,8,6,9,13,2,73,163,
23,23,9,18,-5,33,11,14,19,36,21,11,19,19,15,78,163,
5,8,9,3,4,39,-1,0,-2,53,8,9,4,4,4,76,163,
27,26,-32,-17,48,39,-12,13,10,44,11,11,16,12,11,75,163,
20,23,16,-4,-14,-1,-5,1,13,-1,0,3,4,4,-3,71,163,
31,35,-11,-21,-52,25,16,22,16,35,25,24,28,28,23,83,163,
19,20,31,12,17,-3,27,11,-1,-11,6,9,11,15,8,79,164,
29,29,-1,30,7,8,2,29,29,-18,24,26,29,26,28,93,164,
15,16,20,-6,22,15,-11,6,-5,-15,2,7,-3,-7,0,78,164,
28,31,-19,-20,52,31,7,31,13,0,15,16,20,18,26,94,164,
21,18,78,31,30,4,21,26,9,-4,9,16,13,11,16,95,164,
12,15,27,20,34,-13,-5,25,4,-7,6,10,10,8,6,88,164,
14,13,-31,-15,-17,4,15,22,1,-29,8,14,9,8,6,97,165,
9,13,9,-17,1,0,16,16,-13,-15,-9,-4,-6,-9,-5,78,165,
23,29,-14,17,31,0,-9,30,30,39,17,23,16,11,12,90,165,
1,9,13,16,-26,12,31,9,-16,-35,-10,-7,-7,-10,-8,71,165,
26,34,53,9,17,-3,10,34,14,-17,12,12,13,11,9,85,165,
-6,0,-31,-6,-11,-11,-15,-1,-14,-17,-24,-24,-20,-15,-20,61,165,
26,32,-12,42,8,7,-4,33,6,9,10,11,14,13,16,78,166,
-1,10,-16,-8,-14,6,39,10,-4,-1,-6,-10,-2,-2,0,62,166,
26,31,37,-8,13,30,5,32,6,-8,15,13,14,12,19,74,166,
-7,2,-27,-44,-26,-11,-21,-5,-26,-28,-22,-19,-18,-22,-17,45,166,
24,34,-12,-24,9,45,17,23,3,20,5,6,5,0,11,61,166,
-12,0,-15,-10,20,-10,10,-4,-28,-30,-18,-17,-28,-31,-21,37,166,
28,28,72,3,12,-25,37,29,1,37,8,11,5,8,10,55,167,
-19,-15,-46,-19,38,-10,-41,-16,-22,-14,-22,-23,-35,-29,-27,30,167,
17,25,-4,16,-21,76,29,16,-3,29,2,-1,-6,-5,4,49,167,
-18,-9,-29,-7,-27,-11,-29,-9,-31,8,-19,-18,-39,-34,-27,32,167,
34,36,-27,33,-18,62,55,36,19,26,18,17,7,11,22,54,167,
-10,-5,-2,32,33,23,34,-1,-23,-21,-15,-11,-28,-26,-10,31,167,
25,27,-24,32,22,3,-10,34,30,41,21,18,17,19,22,52,168,
-26,-19,-43,-25,-9,-26,-18,-10,-15,-47,-22,-18,-40,-19,-23,28,168,
19,26,74,1,17,51,23,29,16,-1,9,10,12,11,13,45,168,
-32,-21,-46,-59,28,-20,-8,-31,-24,4,-38,-36,-41,-40,-35,14,168,
24,32,-10,45,-10,-10,2,31,17,39,18,19,6,18,27,51,168,
-12,-3,-26,-31,-18,-19,43,-5,-6,-7,-21,-18,-20,-19,-19,25,168,
32,36,173,2,-1,38,22,29,12,33,14,14,21,14,14,44,169,
-17,-11,-20,-18,-25,-26,12,-8,-26,-38,-19,-15,-19,-25,-14,35,169,
37,38,21,21,47,31,65,43,30,-2,29,30,24,20,40,62,169,
-10,-10,-24,-13,-6,8,5,-11,-26,-38,-27,-25,-30,-33,-21,25,169,
21,26,-21,12,-19,44,9,22,6,-35,6,4,1,-1,16,40,169,
-19,-13,-27,4,16,-33,-8,-8,-24,-48,-23,-21,-32,-30,-17,26,169,
18,21,-21,-4,15,-20,20,33,30,6,21,20,17,18,26,50,170,
-13,-5,7,-15,-1,-14,13,-5,5,15,-14,-11,-14,-13,-14,30,170,
25,27,-36,37,30,30,27,32,19,56,13,9,13,13,15,42,170,
-11,-3,-20,-39,-11,11,-23,3,-8,-32,-11,-7,-23,-20,-6,36,170,
19,25,133,22,40,19,16,29,16,11,9,8,3,1,13,37,170,
-19,-13,-11,-63,-1,-45,-5,-13,-24,-24,-30,-28,-31,-34,-32,11,170,
21,29,-35,17,-17,-1,43,29,20,5,11,11,13,14,14,36,171,
-8,3,-3,-65,-17,12,20,2,-2,-12,-11,-3,-35,-12,-17,26,171,
25,39,61,62,28,19,19,31,25,31,11,16,-2,17,19,38,171,
-20,-4,-31,-38,6,-28,-16,-15,-19,-23,-31,-22,-29,-34,-22,18,171,
24,31,6,17,24,4,45,28,19,25,10,12,10,10,17,41,171,
-3,3,-3,-15,-24,6,-7,10,-4,9,-8,6,-8,-9,5,44,171,
25,31,-8,24,-25,10,42,31,25,-14,17,19,15,10,25,52,172,
2,13,-9,-32,-31,7,-31,13,10,20,2,7,-4,-9,7,50,172,
24,31,-32,61,2,29,10,29,28,16,12,9,17,10,22,61,172,
0,-2,-45,-11,-35,3,10,0,3,-41,-9,-9,-2,-7,-3,48,172,
31,30,57,0,49,14,29,24,21,57,11,7,20,18,25,56,172,
15,16,44,22,20,49,23,5,0,-15,-3,-2,1,3,3,45,172,
22,20,-25,-13,21,-18,13,22,10,-37,7,4,12,13,19,48,173,
15,11,-11,11,11,-24,1,25,9,-6,14,14,13,13,28,60,173,
10,10,-45,2,60,-19,42,14,0,-15,-5,-4,1,-2,0,32,173,
11,8,3,-12,38,1,29,10,2,-6,4,10,9,10,3,34,173,
12,15,2,5,-16,6,-32,18,3,-12,2,6,13,13,7,26,173,
-4,-8,-21,2,4,-27,24,3,1,-22,-12,-11,-9,-12,-3,22,173,
-5,-5,-24,2,20,-13,-27,8,0,-11,-9,-11,-3,-6,2,20,174,
10,3,-3,-8,-6,13,-32,23,6,-5,9,11,12,12,17,34,174,
-5,-9,-25,30,-48,-31,-2,2,-5,-37,-4,-6,-12,0,-2,25,174,
9,11,-9,26,53,52,27,14,5,18,4,3,8,8,6,26,174,
-1,0,6,-19,-32,-23,9,5,2,-20,-11,-14,-3,-4,-4,31,174,
18,17,-2,5,13,27,0,29,17,14,15,17,8,6,24,62,174,
4,4,19,26,37,-11,-14,3,-7,-15,-5,-14,-8,-10,0,40,175,
15,12,105,6,-8,44,32,18,20,29,9,3,4,7,20,40,175,
-8,-8,-15,-22,-3,19,-21,-10,-12,12,-15,-23,-19,-21,-13,-3,175,
-11,-6,-27,-48,-10,4,-31,-10,-19,-41,-23,-43,-22,-25,-15,-67,175,
-60,-54,-59,-88,56,-30,-64,-60,-63,-49,-71,-104,-60,-64,-65,-172,175,
-20,-23,-22,-7,23,14,-31,-13,-9,-14,-20,-46,-47,-15,-25,-102,175,
-20,-19,-22,-17,-45,-4,-21,-19,-13,-14,-17,-26,-15,-20,-15,-17,176,
17,21,15,3,-1,38,19,25,14,29,23,16,31,26,33,47,176,
-19,-12,-23,-11,-22,-2,-43,-15,-21,-59,-16,-26,-13,-15,-18,23,176,
25,28,98,28,32,11,18,20,26,-1,23,9,25,19,29,56,176,
-11,-11,-25,26,-51,-27,-22,-13,-7,-14,-6,-15,-8,-13,-3,47,176,
23,22,10,26,29,17,-9,17,16,19,11,3,26,24,17,53,176,
-9,-4,7,-16,15,-17,-1,-14,-13,-32,-20,-28,-14,-10,-16,29,177,
28,33,69,86,33,56,13,32,54,21,27,16,30,28,28,58,177,
-16,-9,-31,-34,-40,-23,-11,-12,-10,-2,-24,-27,-22,-27,-23,29,177,
21,27,6,28,30,-10,36,30,15,32,8,7,20,16,20,53,177,
-11,-5,52,-12,-71,4,-17,-5,-14,-44,-20,-19,-16,-11,-14,37,177,
26,24,-14,-17,6,40,17,27,18,14,19,19,16,15,21,61,177,
-13,-12,-14,17,-1,0,22,-15,-23,-31,-24,-19,-24,-26,-14,40,178,
22,22,-34,-20,35,49,11,34,24,-20,24,26,23,26,32,72,178,
-20,-17,-32,-25,-24,-5,-11,-12,-20,2,-17,-17,-11,-14,-17,41,178,
33,33,-24,10,18,38,35,39,26,38,33,34,36,31,40,79,178,
2,-3,40,-12,-11,43,-2,0,-11,-31,-10,-7,-5,-13,-7,54,178,
41,37,-31,25,7,39,43,38,26,15,24,25,26,27,30,80,178,
-12,-12,-46,22,13,13,41,-9,-11,-35,-14,-10,-22,-18,-20,63,179,
35,33,86,56,32,53,66,45,26,12,26,33,35,31,28,90,179,
1,4,15,-12,-29,3,17,8,-7,-8,-4,2,-10,-1,-7,73,179,
42,42,62,22,45,40,40,45,27,45,25,25,33,30,24,87,179,
-4,-1,-23,-20,-28,0,5,2,-15,2,-6,1,-7,-5,0,82,179,
28,29,60,-27,65,29,41,25,14,44,16,16,26,24,30,92,179,
-4,-6,-35,2,-12,-14,-23,-18,-21,-10,-25,-17,-17,-19,-26,61,180,
33,27,-35,60,42,-5,12,28,21,27,24,25,32,26,23,87,180,
-3,-7,62,12,-21,0,10,-6,-20,-17,-12,-8,-2,-11,-23,61,180,
21,13,95,51,28,1,-21,14,8,0,7,7,6,8,11,73,180,
-3,0,5,3,1,1,28,-1,-8,7,-4,-2,-2,-4,-4,66,180,
13,11,-15,35,42,33,6,24,10,-9,10,14,4,16,17,69,180,
-1,0,-3,-13,25,54,-5,0,0,57,-9,-3,2,-4,-8,55,181,
20,14,16,-2,11,26,43,25,9,-1,9,10,9,11,17,55,181,
-6,-7,-11,-20,55,12,9,1,-10,-16,-13,-8,-11,-15,-9,40,181,
6,10,17,44,3,9,41,19,16,-2,6,2,16,10,14,49,181,
-7,-11,-45,-23,-32,-20,-12,-7,-21,-19,-21,-15,-9,-13,-18,33,181,
13,11,-27,-10,23,-19,11,14,0,-5,-3,-7,-37,8,2,33,181,
-10,-15,-42,-10,-2,0,-44,-9,-18,-22,-15,-14,-19,-19,-5,35,182,
-3,-10,-34,25,25,0,-10,-1,1,-23,-10,-13,-3,-5,8,31,182,
2,6,8,-6,-42,-6,-2,4,-4,-15,-8,-6,-5,-7,0,35,182,
7,9,22,21,18,-30,-22,8,-12,21,-11,-11,6,2,-4,29,182,
4,2,-28,23,14,3,8,6,-15,-12,-12,-7,-4,-5,-5,39,182,
11,7,0,-2,-7,-3,6,9,-3,29,-1,-3,5,5,7,40,182,
-4,-4,-26,2,23,1,-17,-5,-19,-4,-18,-12,-15,-12,-9,26,183,
1,-4,9,8,-21,-37,12,5,0,-5,1,1,2,2,8,34,183,
4,3,-14,-7,-23,3,19,4,-1,21,6,10,15,10,8,42,183,
-7,-11,-1,7,5,55,29,-5,-11,-17,-18,-17,-1,-7,-11,24,183,
15,15,-5,0,-11,10,-2,16,20,24,1,5,4,-1,5,37,183,
-2,-5,-26,-9,15,-19,-39,-5,1,-4,-8,-6,-3,-8,-6,29,183,
25,21,20,1,29,17,9,32,28,41,24,27,26,23,37,55,184,
-3,-5,-24,-3,-53,-15,10,4,-4,13,-4,-3,-4,-6,-1,34,184,
6,7,0,-30,-16,-5,23,16,1,0,-1,5,4,0,-2,37,184,
3,9,54,-14,-2,15,3,16,3,6,0,5,3,-4,7,42,184,
23,26,110,26,29,7,12,33,17,28,13,19,20,17,22,48,184,
-21,-15,-40,-8,-61,-21,-11,-21,-29,13,-33,-31,-28,-33,-28,8,184,
14,11,45,11,10,-8,-6,12,12,73,-2,3,13,11,8,35,185,
-11,-11,-42,-22,-23,15,-27,-5,-10,-1,-16,-14,-14,-12,-9,26,185,
17,18,49,48,37,44,21,26,23,23,15,13,21,20,15,36,185,
-8,-3,67,-33,-20,-2,20,4,-9,-24,-10,-9,-3,-2,-7,23,185,
17,16,-4,58,17,32,52,23,15,3,12,10,3,17,10,35,185,
-21,-20,17,-15,25,12,8,-10,-4,-22,-20,-21,-8,-9,-20,17,185,
29,29,32,31,58,68,7,30,28,6,21,17,30,28,26,42,186,
-13,-16,-34,-7,-32,6,-18,-7,-13,-35,-14,-16,-9,-13,-11,21,186,
37,32,47,40,35,32,27,39,28,-1,28,27,30,25,31,51,186,
-13,-15,-14,-39,-46,7,-9,-16,-26,-27,-28,-28,-26,-27,-19,20,186,
22,18,-12,12,34,35,2,18,7,36,4,2,3,-1,7,34,186,
-14,-16,-15,-4,-46,-18,-20,-13,-16,-48,-19,-20,-24,-30,-15,21,186,
21,13,91,67,11,15,-17,24,19,63,17,14,13,10,21,44,187,
-18,-27,-37,-58,-27,-45,-49,-21,-19,-73,-25,-17,-30,-30,-17,32,187,
30,23,-11,-2,18,-51,27,23,34,47,19,19,15,11,22,55,187,
-11,-18,6,-2,33,-2,8,-20,-10,5,-15,-9,-25,-29,-22,32,187,
29,24,15,16,3,33,35,23,15,-3,20,21,13,9,23,61,187,
-10,-7,19,-10,-6,-2,-3,-18,-19,-13,-26,-21,-20,-28,-21,25,187,
32,29,50,19,-7,-3,-3,13,13,3,11,5,9,0,17,38,188,
0,-2,-4,3,-42,1,-25,-13,-7,-7,-6,-6,-20,-17,-3,34,188,
25,28,-4,18,10,60,45,19,28,-1,14,11,12,11,18,33,188,
-8,-6,-16,-41,-9,32,-4,-21,-22,18,-20,-19,-26,-27,-18,16,188,
25,23,-7,50,6,17,19,13,15,-4,8,6,5,7,14,28,188,
-9,-8,-10,-1,23,21,-29,-16,-9,18,-10,-7,-18,-15,-8,18,188,
7,9,-13,-5,5,-6,-10,1,16,1,1,3,-5,-11,-1,19,189,
-12,-18,-16,-4,-59,7,-23,-8,-12,-34,-6,-6,-14,-16,-12,17,189,
15,13,27,-18,23,18,2,18,12,10,12,10,14,13,3,21,189,
-12,-13,-3,-10,16,-16,-15,-7,-7,14,-8,-7,-9,-6,-11,15,189,
17,10,-15,-10,12,35,-31,18,10,57,15,12,18,16,14,26,189,
-8,-14,-6,-11,1,-19,19,-8,-16,44,-12,-8,-10,-14,-9,23,189,
21,19,9,-29,14,14,20,27,19,-9,20,17,20,19,24,53,190,
-10,-9,-9,-20,-43,-30,20,0,5,23,-4,-5,-2,-1,-8,27,190,
7,7,-18,-4,-6,27,3,11,2,16,-5,-13,3,5,-5,-1,190,
-20,-19,-3,-37,-37,-20,27,-10,-19,-31,-22,-26,-22,-22,-28,-29,190,
-28,-25,-16,-67,-80,-49,-38,-24,-34,-39,-41,-66,-40,-40,-35,-116,190,
-57,-61,-55,-26,223,-46,-72,-63,-72,-67,-77,-98,-75,-73,-72,-183,190,
-21,-23,-35,-27,-25,-1,-31,-13,-25,-5,-27,-42,-34,-34,-21,-94,191,
-12,-12,-25,-32,-17,2,-32,-5,-14,54,-5,-2,-11,-9,-1,0,191,
0,-3,-2,-20,-19,-16,36,-4,-11,-12,-10,-11,-6,-3,-12,17,191,
-16,-21,-17,15,10,-7,-16,-8,-18,-42,-14,-10,-17,-13,-21,20,191,
5,-4,58,29,31,20,21,10,-2,63,-1,-1,7,12,0,32,191,
-2,-2,51,30,-36,-9,9,8,-6,-2,0,4,-4,-1,-2,38,191,
16,11,18,18,52,7,21,20,8,24,12,11,16,18,5,43,192,
4,-3,-24,22,-16,31,41,10,1,10,11,15,1,6,8,51,192,
-1,-7,0,-2,-3,-22,-38,-3,-10,-35,-13,-11,-11,-8,-6,30,192,
15,14,23,29,1,45,5,3,3,-23,6,9,4,5,0,40,192,
11,6,-9,26,31,1,9,-1,-2,-15,-1,2,1,4,3,37,192,
21,13,-16,16,20,-12,-2,0,6,-19,1,9,4,6,3,44,192,
6,2,41,11,7,61,25,-12,-2,-40,-11,-10,-9,-9,-9,35,193,
15,16,117,27,8,56,6,11,10,34,10,16,13,13,9,50,193,
-14,-9,1,-25,-41,-11,-21,-22,-10,-40,-24,-19,-68,-13,-25,25,193,
25,23,-6,48,10,-1,29,16,12,-5,16,21,15,19,12,51,193,
-9,-8,4,25,-36,-10,-8,-15,-18,-34,-11,-8,-15,-13,-11,42,193,
25,26,37,27,45,29,47,33,16,8,21,22,16,18,22,70,193,
-8,-5,-30,13,23,3,21,-12,-14,-24,-14,-16,-2,-3,-14,40,194,
32,36,108,67,8,-11,41,36,23,-11,30,32,36,38,25,75,194,
3,8,-36,38,11,-22,-2,0,-7,0,-1,5,0,2,1,59,194,
40,41,9,91,72,58,73,50,39,119,45,47,42,45,42,93,194,
2,-3,16,-30,-42,-19,-3,2,-9,-21,-13,-5,-8,-7,-10,57,194,
28,28,126,14,7,0,3,30,13,-10,10,16,16,13,12,73,194,
-10,-12,-24,11,40,-16,8,-8,-19,-11,-15,-8,-28,-25,-14,56,195,
37,31,29,52,20,84,37,42,31,24,23,34,24,26,29,84,195,
-21,-27,-27,-35,-62,6,-54,-18,-23,-22,-35,-27,-39,-38,-39,37,195,
31,22,13,48,45,5,20,43,32,4,24,25,23,30,27,76,195,
-23,-27,45,-26,-26,-27,-3,-9,-21,-31,-23,-16,-22,-18,-21,49,195,
23,16,121,53,3,11,19,28,18,-25,11,15,21,25,11,61,195,
-32,-36,-29,-12,24,-1,-44,-26,-26,-43,-38,-29,-36,-29,-42,24,196,
12,3,47,18,-8,1,51,19,10,-11,7,8,5,13,8,49,196,
-20,-23,-7,2,-26,-48,-52,-17,-3,-19,-24,-18,-20,-15,-27,25,196,
22,22,-17,45,-31,44,3,25,15,32,10,11,13,17,12,42,196,
-25,-25,-35,-29,2,-19,-10,-22,-28,-11,-28,-26,-48,-26,-32,13,196,
25,22,5,15,-50,14,45,24,21,18,17,4,17,13,18,39,196,
-22,-22,-12,-19,-55,-45,5,-28,-33,-21,-32,-38,-29,-28,-39,4,197,
18,14,12,36,-7,19,-20,15,4,28,10,1,10,12,5,28,197,
-34,-32,-79,-55,-65,-59,-21,-34,-42,-19,-39,-44,-37,-32,-47,1,197,
25,18,24,54,24,-4,33,13,4,-7,-2,-15,6,10,-5,19,197,
-28,-32,-36,-30,-82,-21,-26,-36,-44,-45,-47,-55,-41,-40,-48,-5,197,
19,15,64,24,-7,-4,15,12,5,-25,1,-14,6,4,-4,19,197,
0,-1,-41,22,5,-32,-17,-3,-9,-9,-9,-16,-7,-7,-11,16,198,
32,31,36,30,-2,-14,3,31,29,12,18,8,30,30,18,33,198,
-14,-17,-20,-31,15,-11,24,-20,-24,-54,-32,-34,-24,-27,-31,0,198,
23,25,-4,-14,9,34,15,16,13,36,3,-10,12,16,9,23,198,
-7,-4,-46,-13,-39,-9,29,-8,-22,-21,-20,-25,-18,-14,-24,13,198,
26,22,121,36,-18,-4,13,19,11,13,7,-5,11,16,9,23,198,
-7,-9,-5,30,-42,-19,-36,-12,-20,-35,-16,-21,-31,-25,-21,11,199,
20,22,15,33,15,29,39,20,9,18,14,11,8,6,14,28,199,
-10,-5,-23,-8,1,-8,-3,-6,1,10,-11,-9,-17,-17,-7,20,199,
17,23,-20,-5,37,-4,28,18,5,-3,5,2,4,3,10,23,199,
-8,3,-15,-31,-36,19,11,-7,-1,33,-14,-12,-16,-20,-10,17,199,
12,17,38,-22,13,20,11,13,0,-16,1,-3,0,-2,5,17,199,
-10,-4,-25,-35,-38,-34,-35,-9,-12,-7,-12,-11,-16,-21,-9,12,200,
9,8,-31,28,60,-20,68,19,27,-16,8,7,13,9,4,22,200,
-18,-18,28,-23,0,-2,-1,-15,-11,-32,-18,-18,-23,-23,-26,4,200,
-8,-5,18,-11,18,7,50,0,-6,15,-10,-13,-10,-14,-6,17,200,
-13,-11,-18,-13,-20,29,18,-11,-17,-17,-21,-19,-24,-26,-25,9,200,
-17,-17,18,-10,-37,25,9,-18,-26,-21,-33,-35,-34,-37,-28,-7,200,
-1,-4,24,-2,53,-12,-3,-8,-15,1,-11,-11,-11,-15,-12,11,201,
8,6,44,20,-9,4,38,7,7,-12,3,-1,0,-1,5,19,201,
-2,-4,-33,-11,-9,-19,25,-3,-8,0,-6,-2,-12,-14,-15,13,201,
-1,-4,-52,-5,10,20,-21,-4,-15,-26,-20,-18,-15,-15,-27,3,201,
6,9,9,21,-30,1,9,7,6,-20,-1,2,-29,-8,-4,17,201,
-19,-20,-35,-3,-42,-12,8,-21,-21,-10,-28,-28,-27,-31,-32,-13,201,
7,-2,3,11,-21,6,-2,-1,-4,2,-3,-2,-3,-11,-6,11,202,
-5,-15,-15,-31,-48,-13,-5,-9,-15,-15,-8,-8,-18,-15,-7,13,202,
16,12,67,11,0,35,32,17,9,3,12,12,17,14,8,23,202,
-4,-8,-42,-5,41,4,5,-7,-12,-49,-12,-11,-12,-16,-13,15,202,
17,18,-6,22,29,29,35,0,10,-10,8,9,1,1,-1,26,202,
3,2,47,-4,24,25,-3,-3,-1,-29,-4,-2,-6,-7,3,30,202,
28,24,97,34,15,24,43,21,22,-16,18,22,15,17,24,51,203,
9,7,15,4,-10,11,-24,3,3,5,2,5,-2,-3,10,39,203,
25,20,108,22,15,36,17,14,17,-2,12,16,3,5,15,38,203,
-23,-24,-28,2,-9,-17,-4,-26,-20,-22,-18,-20,-38,-34,-13,12,203,
13,6,-16,17,16,29,24,1,35,11,8,4,-7,-12,12,30,203,
-23,-29,-26,0,9,-54,0,-45,-22,-53,-35,-42,-47,-48,-34,-4,203,
7,0,4,0,-15,2,-13,-5,4,20,0,-10,-1,-4,3,13,204,
-31,-36,-28,-33,-43,-8,-33,-41,-26,-15,-26,-33,-35,-34,-29,-3,204,
4,3,52,6,-26,-10,-12,-4,11,-32,5,-4,7,4,1,11,204,
-27,-24,-62,-46,-8,-17,-39,-37,-24,-28,-28,-41,-22,-27,-36,-23,204,
17,16,34,-14,51,21,-24,13,24,11,25,17,28,26,19,21,204,
-25,-20,-23,-6,-3,-26,-39,-34,-17,-42,-15,-16,-20,-23,-26,-5,204,
21,25,-10,-5,11,-3,-28,1,15,-8,17,15,-61,7,6,11,205,
-11,-10,-45,-18,-15,-27,-34,-24,-15,-20,-16,-16,-17,-21,-17,-2,205,
28,21,-11,18,-59,32,-18,25,22,42,23,21,23,21,18,29,205,
-14,-18,-13,4,-60,3,0,-19,-8,-7,-18,-13,-14,-17,-23,21,205,
25,23,-6,52,33,2,6,19,16,85,6,3,23,21,15,25,205,
-36,-35,-28,-23,-51,-43,-20,-37,-36,-44,-44,-44,-39,-40,-45,-25,205,
8,10,-16,14,4,-6,0,4,8,24,-2,-5,9,5,-3,-12,206,
-71,-68,-65,-62,-144,-59,-61,-73,-65,-65,-72,-87,-67,-67,-66,-124,206,
-42,-39,-51,-47,-124,-62,-34,-45,-29,-65,-54,-75,-49,-50,-51,-179,206,
-57,-53,-58,-74,2,-100,-79,-55,-57,-56,-50,-58,-59,-61,-50,-115,206,
0,-3,-35,24,5,-12,14,0,3,29,4,0,0,-1,5,-15,206,
-39,-38,-59,-31,-4,-61,-45,-40,-37,-48,-33,-28,-40,-41,-37,-16,206,
15,16,-15,23,-4,37,-1,13,7,-7,14,5,4,2,6,15,207,
-18,-17,-26,-49,-45,-20,-9,-21,-19,-10,-14,-20,-34,-27,-16,13,207,
17,20,34,48,-20,-11,24,20,16,17,12,6,5,17,12,31,207,
-24,-17,-1,-22,-91,-52,13,-30,-20,-36,-30,-35,-30,-33,-36,-4,207,
-2,4,-6,7,-54,5,-59,-14,-6,-19,-12,-21,-17,-18,-10,7,207,
-38,-30,-55,-23,-52,-30,-44,-39,-31,-40,-26,-32,-42,-47,-31,2,207,
8,12,-4,22,-23,-5,-10,2,15,28,5,-6,-4,-6,5,22,208,
-20,-16,-27,25,1,-24,-33,-25,-18,-40,-11,-18,-24,-27,-16,18,208,
6,9,-25,20,13,0,-22,3,10,-16,8,-2,3,1,8,28,208,
-19,-20,-36,-6,0,-15,-1,-31,-16,-31,-15,-21,-28,-27,-10,21,208,
21,20,58,25,-13,-2,-11,3,29,14,15,0,1,2,9,29,208,
-3,-4,-43,-25,-8,-6,8,-18,-2,2,-8,-15,-15,-15,-14,24,208,
29,27,-15,48,33,58,6,11,32,23,23,12,12,15,26,49,209,
5,1,15,-30,-19,16,3,2,5,-18,13,6,11,9,15,43,209,
24,27,57,48,11,35,21,25,18,-1,17,8,29,25,19,43,209,
6,5,59,-2,7,-51,24,13,10,29,13,7,14,11,7,44,209,
23,26,-21,33,57,39,15,30,46,26,22,12,30,28,24,47,209,
17,17,-16,-16,35,15,18,11,4,-13,1,2,12,12,8,52,209,
12,12,-13,-18,13,1,-13,10,4,-3,4,-3,6,8,6,43,210,
12,11,-28,21,-26,47,7,16,2,-21,13,17,-2,7,10,56,210,
18,21,-39,11,20,-1,22,22,11,-7,11,15,16,15,13,49,210,
14,16,-10,2,40,8,17,18,29,41,12,16,6,6,10,57,210,
-2,1,-16,-19,5,-11,3,5,3,-13,5,-1,1,-1,0,44,210,
6,3,18,-28,-34,-12,-2,20,19,19,15,13,9,10,13,54,210,
-4,-5,-25,-15,3,-39,7,2,-3,4,-3,-8,-5,-10,-3,35,211,
10,12,-4,6,17,22,11,22,15,22,21,28,15,18,17,57,211,
3,5,45,-2,-39,26,10,5,-3,6,1,4,1,3,7,41,211,
16,16,40,14,-28,28,26,17,7,20,13,20,9,11,15,44,211,
-2,4,-21,-43,15,41,-25,-5,6,-34,-7,-6,-7,-7,-12,14,211,
16,17,1,12,9,36,-8,12,3,32,4,7,2,-4,8,27,211,
-7,-3,-10,39,-9,6,-8,-8,-13,-26,-10,-7,-11,-15,-6,9,212,
22,19,-28,10,25,11,-16,19,13,31,16,21,16,18,20,24,212,
-3,0,-44,15,18,-3,-2,-6,-18,-29,-16,-12,-14,-13,-8,-1,212,
19,24,48,12,-16,28,20,17,21,13,13,12,12,13,8,5,212,
-14,-10,-6,-21,-6,-17,-36,-7,-18,1,-16,-11,-13,-10,-12,-4,212,
0,1,-4,2,-63,11,-16,3,-8,-2,-6,-3,-4,-5,-8,-6,212,
-18,-17,-11,-19,6,9,-10,-14,-22,-20,-18,-18,-18,-20,-16,-12,213,
17,15,-26,13,29,34,-3,20,11,15,23,21,18,16,24,22,213,
-23,-21,-46,-18,-35,-38,-68,-24,-32,-27,-29,-25,-31,-31,-22,-11,213,
16,6,22,15,-6,-26,-4,5,14,32,-3,-5,-6,-3,-3,-4,213,
-22,-24,-40,-61,-12,-5,21,-29,-26,-7,-33,-28,-31,-32,-26,-22,213,
19,19,69,34,-4,19,38,20,17,3,18,14,11,10,21,12,213,
-3,-5,-22,8,-54,-28,-42,-8,-4,-19,-6,-3,-6,-12,-5,-4,214,
31,29,127,70,30,38,40,34,29,13,31,27,37,30,30,21,214,
-17,-17,-34,-8,-8,-30,17,-22,-17,-49,-25,-24,-32,-31,-27,-15,214,
20,21,59,0,7,-1,16,22,6,49,15,14,14,14,15,11,214,
-18,-16,-57,-16,-35,-24,-62,-19,-32,-2,-25,-24,-27,-31,-27,-25,214,
23,16,-3,4,11,-5,3,18,0,19,6,5,6,4,13,4,214,
-21,-25,-36,-53,-64,-40,-36,-28,-48,-35,-37,-32,-40,-37,-39,-32,215,
23,16,-14,-5,38,-23,-9,19,2,42,12,16,15,11,13,2,215,
-31,-31,-50,-28,-68,14,-27,-33,-44,-40,-36,-32,-38,-40,-45,-33,215,
10,7,-12,-4,-2,-6,-6,10,-8,34,-6,-3,-40,-4,-6,-15,215,
-29,-28,-23,-21,-70,-51,-61,-26,-39,-39,-34,-28,-44,-32,-31,-27,215,
17,16,6,22,2,23,9,19,6,4,10,9,7,11,17,-2,215,
-15,-15,-14,-30,21,-2,2,-25,-23,-29,-22,-19,-27,-27,-17,-19,216,
20,23,-34,-18,-13,26,-16,8,14,-8,17,18,17,18,23,-1,216,
-25,-28,-36,-46,21,-31,-22,-29,-29,10,-25,-17,-20,-21,-15,-21,216,
16,12,6,-8,44,29,27,7,16,2,3,4,7,6,4,-14,216,
-37,-38,-34,-15,-19,-37,-15,-40,-51,-23,-39,-34,-38,-36,-48,-40,216,
4,3,-22,-14,15,-10,7,3,-8,-28,-7,-7,4,3,-6,-26,216,
-30,-29,-58,-15,-7,-47,-36,-24,-22,-21,-28,-19,-26,-30,-31,-31,217,
0,-2,-2,-1,-27,17,-30,2,25,46,-4,-1,-1,-2,-1,-21,217,
-31,-28,-46,-39,-51,-53,-41,-31,-34,-72,-36,-35,-32,-34,-40,-44,217,
1,0,-36,-7,-8,-2,-24,-4,-3,-17,-4,-4,-6,-2,-2,-21,217,
-24,-25,-24,-43,-47,-28,-8,-25,-23,-32,-26,-19,-26,-31,-29,-30,217,
1,0,-54,-33,-30,13,27,0,-5,55,-12,-6,-6,-6,-6,-19,217,
-20,-20,-19,-15,21,-22,-37,-23,-30,-9,-27,-20,-25,-28,-25,-27,218,
18,3,65,28,36,53,18,12,12,34,5,9,3,6,3,-3,218,
-23,-28,-32,-47,-45,-21,-39,-28,-26,-49,-29,-24,-31,-34,-36,-25,218,
-11,-7,-34,-40,-7,-26,-24,-12,-25,-15,-27,-18,-25,-24,-26,-29,218,
-19,-14,-44,-53,-67,22,-29,-18,-20,-20,-25,-18,-27,-26,-26,-26,218,
-20,-20,-45,-20,-10,-13,-4,-24,-8,-13,-18,-18,-23,-21,-22,-30,218,
-43,-40,-18,-28,-110,-31,-4,-42,-36,-63,-39,-31,-44,-42,-36,-41,219,
-34,-29,-31,-1,57,8,-36,-30,-31,-30,-23,-23,-28,-29,-23,-42,219,
-30,-28,-60,-51,-32,-57,15,-25,-30,-30,-18,-14,-18,-19,-17,-31,219,
-23,-18,-23,-23,23,-29,-32,-17,-26,-17,-18,-15,-20,-20,-19,-42,219,
-28,-24,-44,-50,65,-61,-24,-25,-30,-24,-30,-26,-23,-22,-28,-47,219,
-38,-37,-47,-47,-5,-31,2,-32,-30,-58,-26,-28,-26,-29,-26,-53,219,
-30,-29,-9,5,1,-12,9,-22,-20,-28,-6,-3,-18,-15,-14,-35,220,
-19,-18,-33,-58,5,20,-24,-10,-1,-36,4,3,-2,1,3,-27,220,
-20,-16,-63,-30,1,-14,3,-16,-15,7,-2,2,-9,-5,-10,-33,220,
-36,-36,-54,-65,56,-47,-8,-36,-15,-39,-28,-25,-36,-35,-38,-51,220,
-14,-16,-32,-31,17,-23,13,-10,-22,-31,-5,1,-13,-12,-21,-22,220,
-28,-21,-41,10,-47,-43,-55,-28,-36,-57,-27,-24,-33,-31,-37,-30,220,
-29,-23,-33,-15,-21,4,-2,-29,-23,-16,-24,-24,-33,-30,-26,-29,221,
-44,-35,-30,-33,-197,-41,-39,-42,-43,-53,-35,-35,-43,-41,-29,-39,221,
-10,-9,11,10,19,-20,-15,-7,-22,-48,-5,-3,-20,-11,-5,-23,221,
-60,-58,-54,-28,-63,-29,-54,-60,-72,-86,-61,-78,-71,-63,-55,-144,221,
-43,-40,-40,-17,-51,-4,-42,-42,-59,-50,-51,-68,-52,-48,-51,-188,221,
-52,-45,-75,-49,7,-38,-33,-49,-69,-26,-43,-52,-48,-49,-53,-150,221,
-9,-2,-9,-32,-45,-35,-9,-3,-17,8,-5,-6,-9,-10,-11,-67,222,
-24,-18,-24,18,-36,-16,-29,-15,-27,-10,-10,-4,-15,-18,-15,-34,222,
-1,6,14,6,-20,36,21,11,-2,-15,9,15,7,6,2,-12,222,
-22,-18,-32,-31,-12,-29,-28,-20,-28,-27,-11,-9,-24,-25,-13,-17,222,
9,7,27,11,12,-1,6,0,-6,25,-1,3,-11,1,0,-3,222,
-18,-14,-3,-11,-22,1,-16,-23,-31,-52,-24,-19,-32,-30,-24,-17,222,
6,12,4,-16,4,6,-26,-4,-3,-10,2,6,-1,-5,-4,-2,223,
-37,-30,-13,-51,-8,-50,-52,-38,-51,-50,-33,-25,-40,-40,-30,-18,223,
4,5,-21,16,5,-30,1,5,-7,3,7,8,-3,-1,3,-1,223,
-26,-20,-31,-43,-68,-7,-10,-21,-39,-32,-24,-18,-22,-28,-22,-16,223,
16,16,34,36,0,-21,-10,22,4,36,25,28,3,21,25,14,223,
-28,-28,-51,-39,-40,-26,-25,-19,-32,-28,-15,-10,-26,-27,-16,-1,223,
18,16,43,15,13,59,18,22,19,87,21,18,19,18,21,17,224,
-23,-22,20,-2,8,-42,-58,-14,-21,-28,-9,-15,-15,-16,-8,3,224,
14,17,85,26,45,5,-27,21,14,42,24,17,16,19,27,31,224,
-35,-28,-49,-79,-12,-39,-44,-25,-40,-47,-27,-29,-30,-36,-30,-11,224,
23,23,61,4,15,-34,-42,21,8,35,19,8,-4,20,20,22,224,
-22,-19,-20,-1,-47,-27,-10,-25,-31,-4,-17,-20,-19,-20,-11,7,224,
19,22,23,67,-3,47,31,26,16,49,21,18,25,25,29,31,225,
-32,-22,9,-32,-53,-43,4,-14,-32,-34,-20,-13,-18,-22,-17,9,225,
20,17,192,44,39,32,13,31,33,11,23,24,28,24,23,37,225,
-15,-13,-24,1,24,-30,-19,-6,-11,-20,-3,7,-11,-9,-17,28,225,
27,29,50,35,41,24,49,33,18,-1,28,33,27,25,21,46,225,
-8,-8,1,-41,-4,11,-12,-11,-17,-40,-3,10,-11,-14,-15,28,225,
23,24,127,12,30,54,12,21,12,0,21,26,18,18,16,37,226,
-1,4,-21,-12,-6,-2,-8,1,-11,-25,3,8,2,-4,7,37,226,
14,21,0,32,53,31,2,10,10,52,11,8,19,12,8,34,226,
1,7,-4,-19,-1,-2,-3,-10,-5,-5,-2,4,4,2,0,30,226,
36,38,64,28,12,32,6,28,21,-9,21,30,32,32,33,47,226,
-3,8,-23,-6,22,-29,14,-8,-7,24,-6,5,-10,-10,0,25,226,
23,33,-3,-7,69,28,9,12,8,5,7,10,10,9,17,26,227,
-7,-5,-1,13,-9,-53,-38,-16,-19,22,-7,2,-11,-13,1,21,227,
-1,0,34,15,8,15,5,-3,-1,-20,-6,-2,-5,-8,-10,-1,227,
-11,-9,1,-18,-25,27,7,-16,-25,-18,-18,-10,-14,-18,-22,-7,227,
8,6,-17,-15,-36,4,-7,0,-4,-2,-6,-5,-1,-2,1,2,227,
-18,-16,-10,-6,-17,-9,-27,-21,-23,-21,-26,-20,-26,-28,-19,-11,227,
14,13,-33,-2,2,14,51,16,1,19,7,9,11,12,15,15,228,
-9,-3,-22,-37,41,-17,-9,-8,-5,22,-6,-3,-4,-5,-4,3,228,
10,10,-34,-6,21,-2,-31,-3,-3,11,3,3,8,11,5,5,228,
-2,-1,-21,-18,3,33,-28,-14,-13,-24,-7,-5,-7,-3,-5,4,228,
8,8,-23,11,24,-24,22,12,-1,-25,10,9,11,11,13,9,228,
-12,-10,5,-23,-27,-25,-20,-9,-19,-19,-14,-6,-13,-14,-18,-6,228,
-11,-12,-36,-28,-42,14,-25,-9,-20,-40,-18,-25,-15,-18,-21,-14,229,
-4,-8,-12,-23,-91,-25,-10,-4,-1,-20,-5,-7,-7,-4,1,6,229,
-7,-7,8,-28,-56,51,-10,-1,-13,-6,-12,-20,-6,-10,-7,-2,229,
-9,-9,-14,-22,-21,-21,-5,-5,-17,-20,-10,-9,-10,-14,-3,7,229,
-15,-11,7,-20,-17,26,-15,-16,-24,-4,-22,-21,-50,-11,-18,-10,229,
-6,-2,-5,5,-17,-9,-4,-2,-11,-35,-3,2,-2,-1,-3,7,229,
-1,5,8,-38,-22,26,-27,2,-6,54,-5,-7,3,-2,0,1,230,
10,13,36,16,4,-26,34,18,37,4,14,17,13,17,17,14,230,
-6,-4,-10,-14,-1,14,-20,-1,-4,-6,1,-3,2,2,7,4,230,
17,15,7,36,36,-4,23,13,8,21,10,10,9,15,12,16,230,
-4,-2,-41,-36,31,-4,-8,-6,-14,12,-12,-12,-6,-4,-4,2,230,
14,18,-10,-21,-5,12,11,10,-4,-7,-3,-4,-5,-4,7,9,230,
-18,-16,-28,-10,21,-21,-6,-21,-23,-27,-28,-27,-30,-29,-18,-6,231,
18,21,70,-16,-9,-15,0,20,21,-8,15,12,17,21,20,17,231,
-22,-17,-1,1,3,26,-29,-21,-30,1,-26,-32,-27,-24,-21,-13,231,
14,17,2,-4,27,16,16,13,6,10,8,5,-8,10,15,13,231,
-22,-21,-3,-39,-42,-7,-5,-22,-35,-30,-30,-30,-19,-23,-24,-11,231,
7,12,-14,24,-38,24,9,9,-1,18,1,-1,12,11,4,4,231,
-22,-15,-18,-16,-51,-12,-46,-20,-13,-11,-25,-22,-19,-19,-15,-11,232,
10,22,-1,-18,0,21,-29,23,12,70,23,23,20,17,22,19,232,
-25,-16,-33,-76,-35,-19,-59,-18,-33,-64,-25,-23,-25,-24,-22,-10,232,
5,8,-21,7,34,-12,2,10,1,-21,7,12,5,8,14,14,232,
-19,-15,-24,-22,21,-21,-15,-21,-28,-6,-19,-16,-22,-23,-22,-1,232,
18,24,-7,4,-7,18,14,21,12,14,18,23,18,20,28,31,232,
-36,-29,-44,-36,-79,-56,-30,-37,-37,-77,-39,-34,-51,-42,-28,-6,233,
5,8,-7,32,15,28,34,18,7,-4,15,17,12,11,23,36,233,
-21,-14,7,17,-22,-18,-40,-20,-18,-44,-23,-16,-27,-25,-17,15,233,
23,23,75,20,9,5,-1,23,9,15,14,13,7,8,21,33,233,
-30,-27,-44,-16,-28,-35,-33,-34,-44,9,-37,-32,-43,-43,-32,-5,233,
15,20,9,4,-14,-38,23,8,-10,-25,-7,-6,2,4,2,4,233,
-30,-28,-51,-68,-16,-31,-56,-29,-43,-64,-30,-29,-31,-33,-39,-18,234,
6,9,-18,0,-18,-12,0,19,5,-6,9,6,14,13,11,7,234,
-38,-32,-24,-50,-5,8,7,-26,-26,-28,-31,-27,-31,-32,-28,-9,234,
3,7,32,-5,-29,-35,26,13,10,42,2,2,7,7,9,4,234,
-33,-32,-23,-74,-33,-16,-2,-21,-29,-28,-26,-19,-27,-24,-21,-13,234,
0,4,-18,0,6,-63,-15,9,-1,32,-2,-2,-4,-3,9,-2,234,
-40,-36,32,-61,-54,-16,0,-27,-44,-37,-44,-36,-36,-40,-31,-24,235,
9,11,9,-12,9,-1,31,28,10,23,12,11,18,18,20,13,235,
-42,-33,-10,-25,-9,-50,-51,-26,-37,-27,-33,-31,-34,-31,-36,-25,235,
-2,0,-6,-24,-43,-10,-37,-2,-1,-2,-12,-17,-4,-3,-9,-14,235,
-20,-18,-2,-27,0,18,-18,-15,-20,-14,-16,-11,-18,-17,-9,7,235,
13,16,117,35,-23,22,-3,30,16,-3,24,22,22,27,36,34,235,
-12,-11,-13,-14,-33,-3,-26,-7,-1,0,-3,-3,-23,-9,0,10,236,
5,6,26,14,10,-19,14,12,2,-33,2,3,-5,2,7,3,236,
-12,-13,8,-55,-29,-41,-36,-9,-19,-10,-15,-14,-20,-14,-11,-18,236,
-35,-34,-32,-45,-42,-17,-49,-34,-44,-47,-49,-67,-35,-34,-41,-127,236,
-54,-56,-68,-34,22,-49,-17,-54,-53,-63,-60,-82,-59,-61,-62,-181,236,
-23,-26,-22,-13,-50,3,-8,-20,-33,-6,-35,-48,-33,-39,-27,-114,236,
-23,-25,-18,-41,-7,0,-20,-27,-27,-31,-28,-26,-29,-28,-23,-42,237,
6,4,98,6,23,-14,15,15,-1,47,4,2,-44,2,9,2,237,
-17,-16,-17,-43,-18,-16,-37,-16,-26,-13,-25,-22,-51,-20,-23,-4,237,
13,7,14,32,-22,38,8,8,2,-2,-3,1,2,3,-2,4,237,
-3,-5,-12,-9,22,-5,-14,0,-16,-23,-6,0,-10,-5,-10,5,237,
2,5,38,24,40,-1,13,7,-5,-5,-3,2,4,7,-2,11,237,
0,1,25,12,6,-72,36,2,-11,38,-3,2,-7,-8,0,10,238,
14,11,-34,46,19,-18,-26,21,4,14,13,17,14,12,16,22,238,
8,6,-5,7,6,12,-17,9,8,6,11,17,16,17,12,25,238,
9,8,1,-18,-31,39,34,12,11,36,4,8,7,5,16,22,238,
2,2,7,5,-2,4,-18,6,-6,-1,0,5,-19,-2,-7,14,238,
4,3,82,18,-33,-2,-13,7,8,-23,5,6,-1,4,-3,14,238,
17,23,21,-25,18,12,33,17,24,-5,21,22,18,18,14,33,239,
-4,0,51,-31,-4,-5,29,-4,1,-11,0,6,0,2,0,22,239,
8,6,-12,25,9,16,1,2,8,-27,5,11,5,10,0,28,239,
-8,-13,-43,-44,-58,-4,-32,-5,-8,-41,-1,3,-14,-4,-3,24,239,
19,14,-9,66,15,-15,2,14,16,4,21,26,17,13,7,36,239,
-7,-11,39,-12,-19,-21,-61,-17,-12,-15,-11,-5,-14,-15,-12,20,239,
32,23,56,-19,20,11,26,20,21,13,25,29,21,22,18,45,240,
-3,-4,-47,21,19,17,4,-3,-5,24,4,9,-2,0,8,46,240,
33,32,-8,3,38,22,36,26,24,18,27,34,27,30,29,62,240,
-12,-19,-43,-39,-51,12,4,-10,-15,15,-16,-8,-32,-14,-20,26,240,
21,22,-14,35,9,34,36,24,22,8,14,20,28,24,15,51,240,
-21,-16,-12,-7,-64,-42,6,-13,-14,-19,-22,-15,-23,-24,-19,30,240,
23,24,128,33,40,8,23,30,15,4,16,24,23,25,26,58,241,
-13,-15,-11,-26,-8,-10,3,-6,-19,-22,-10,-1,-10,-9,-9,39,241,
29,31,-11,25,41,27,8,38,25,110,36,38,38,34,26,52,241,
-19,-18,-1,-27,-33,-20,12,-14,-24,-21,-14,-6,-18,-18,-24,19,241,
12,12,9,-6,4,-3,3,14,4,-10,10,16,15,15,2,29,241,
-24,-24,-2,-27,-53,-6,-26,-22,-33,-36,-25,-23,-20,-22,-32,4,241,
18,15,1,13,20,14,12,23,6,-9,17,18,26,25,19,30,242,
-19,-19,-24,-28,-23,-36,-79,-18,-32,-44,-19,-11,-9,-14,-21,2,242,
22,24,42,15,13,22,36,21,12,-5,13,15,25,25,18,15,242,
-32,-28,-22,-13,62,-25,-69,-25,-37,-13,-24,-22,-23,-21,-22,-10,242,
24,23,-27,-23,11,27,63,24,8,30,19,14,-4,17,20,15,242,
-29,-25,-52,-48,-18,-32,-24,-26,-36,-11,-25,-21,-24,-25,-24,-15,242,
25,20,22,14,14,42,12,22,16,24,19,17,29,27,17,11,243,
-16,-14,-48,-19,-5,-51,-5,-8,-23,-20,-8,-3,-6,-4,-13,-4,243,
17,13,-18,6,47,34,4,20,7,31,14,15,18,20,8,5,243,
-25,-24,-27,-20,2,-27,-50,-17,-28,-27,-22,-19,-18,-20,-31,-23,243,
18,23,7,26,15,65,19,22,14,56,18,14,23,19,15,4,243,
-38,-31,-41,-29,54,-34,-34,-31,-44,-56,-33,-27,-37,-36,-51,-29,243,
25,24,26,32,12,66,11,34,30,4,22,24,22,25,21,16,244,
-22,-20,-29,14,-46,-34,-40,-17,-12,-22,-13,-2,-15,-14,-24,-9,244,
15,14,-9,20,26,26,28,6,8,20,13,14,22,19,7,1,244,
-14,-16,10,-21,20,-20,24,-23,-11,-26,-11,-3,-11,-15,-16,-9,244,
21,22,7,10,36,6,17,11,9,26,14,18,22,20,18,11,244,
-16,-16,-17,-29,13,-31,-26,-22,-28,-6,-20,-13,-17,-20,-20,-9,244,
16,18,26,28,17,-14,-20,10,10,14,16,16,18,21,19,8,245,
-4,-4,37,-41,-18,-37,-38,-13,-14,-9,-1,4,-5,-2,-4,0,245,
9,12,14,-27,59,13,-40,-11,-2,83,-3,-2,-1,-4,-8,-13,245,
-26,-27,-37,-31,10,-25,-36,-27,-31,-32,-23,-19,-19,-23,-28,-19,245,
10,11,132,35,13,36,2,10,7,27,14,14,23,24,17,4,245,
-18,-8,14,-10,37,-9,-22,-20,-20,6,-18,-14,-10,-15,-19,-20,245,
4,14,-11,20,13,35,6,-1,15,25,-1,-1,13,8,7,-6,246,
-6,-3,18,22,-38,-21,-19,-6,6,-45,5,9,-15,3,9,-1,246,
3,4,-41,17,7,37,7,-3,9,13,5,5,-6,6,7,-7,246,
-21,-11,-2,-15,-11,-5,13,-22,-11,12,-14,-12,-13,-15,-17,-20,246,
-14,-10,-23,-19,56,2,-22,-18,-10,-20,-9,-7,-4,-3,-16,-22,246,
-13,-12,31,-18,18,-13,3,-12,-2,-18,-2,0,3,1,-11,-12,246,
-3,-8,-9,10,-78,30,36,1,7,-2,0,0,-1,-2,-2,-18,247,
1,-1,18,13,-20,-37,4,9,10,-4,14,21,3,7,7,-1,247,
-7,-9,-13,-57,-37,-5,-23,-2,-6,-6,3,3,-5,-2,1,-11,247,
-4,-7,12,14,-5,22,-9,6,3,18,10,13,6,10,5,1,247,
-6,-7,7,-45,-12,10,-5,-5,-10,-9,-8,-10,-6,1,-15,-20,247,
1,-5,-20,-12,-62,-1,21,-6,-4,-8,-5,1,-2,-2,-11,-12,247,
2,-2,-40,22,17,12,63,0,0,3,4,0,11,7,-6,-7,248,
7,0,-4,-15,15,-19,-46,9,4,2,12,15,5,4,2,3,248,
-4,-7,-19,-13,-4,27,-8,-1,-3,13,-5,-7,-5,-4,0,-3,248,
18,14,0,32,-4,-1,43,15,19,-19,20,17,17,16,21,25,248,
3,3,7,-13,7,14,-13,0,7,-7,12,11,-13,-1,12,9,248,
31,31,82,16,34,60,0,31,29,-2,31,34,38,35,31,24,248,
-15,-14,-22,-15,25,-24,-21,-13,-11,10,-22,-18,-21,-14,-17,-19,249,
18,22,25,18,35,8,36,29,21,21,20,20,21,25,28,13,249,
-10,-4,-11,-26,-36,22,-17,-5,-10,15,-11,-9,-9,-9,-8,-12,249,
17,12,-23,-11,13,26,-9,17,16,9,11,15,18,17,18,1,249,
-20,-20,-35,-19,-1,-21,-5,-12,0,-43,-19,-15,-22,-26,-16,-23,249,
-1,1,3,-9,4,0,-1,6,-4,-10,-1,-2,-1,-7,7,-22,249,
-31,-31,-11,-61,-43,-43,-58,-18,-27,-34,-31,-25,-21,-20,-32,-37,250,
8,5,-24,6,-11,31,-4,21,10,-13,13,14,10,12,13,-10,250,
-40,-37,-52,-16,-99,-80,-20,-34,-39,-43,-43,-42,-38,-42,-43,-49,250,
11,7,104,6,1,-1,-4,23,27,-24,15,16,21,21,24,-7,250,
-32,-34,-41,-31,-14,-26,-8,-24,-30,-18,-32,-31,-38,-38,-29,-35,250,
11,5,-33,4,10,-26,-5,7,7,-3,2,-2,-4,1,1,-12,250,
-27,-29,-32,-23,-52,-40,5,-28,-25,-55,-29,-24,-33,-36,-34,-23,251,
22,16,0,52,21,26,14,26,21,33,19,18,19,15,18,9,251,
-45,-46,-42,-25,-49,-59,-73,-40,-42,-60,-50,-54,-44,-45,-42,-46,251,
-8,-10,-20,-12,-13,-28,-30,-2,-1,34,-8,-15,-9,-10,-2,-43,251,
-58,-58,-88,-44,51,-74,-38,-62,-58,-79,-68,-78,-69,-71,-65,-127,251,
-47,-48,-33,-51,24,-42,-56,-43,-43,-41,-49,-73,-70,-45,-50,-208,251,
-69,-67,-114,-32,302,-76,-68,-72,-67,-25,-70,-84,-75,-79,-74,-187,252,
10,5,2,4,-8,-7,26,9,11,-6,15,14,3,2,13,-48,252,
-21,-26,-22,-8,-17,-35,-32,-25,-7,-27,-18,-12,-22,-25,-24,-30,252,
28,22,85,24,33,5,35,27,26,2,26,24,30,27,22,5,252,
-12,-15,-18,19,-38,7,5,-15,-13,-1,-19,-15,-19,-17,-24,-12,252,
23,20,41,20,14,18,16,26,21,31,14,15,21,21,12,6,252,
-33,-31,-18,1,-49,0,-12,-29,-28,0,-31,-27,-38,-37,-41,-27,253,
12,8,53,16,2,-16,17,16,21,6,8,9,5,5,12,3,253,
-29,-26,-19,-27,-45,-41,-26,-32,-26,-18,-38,-30,-37,-37,-36,-20,253,
29,29,-19,14,-8,26,13,24,21,21,16,16,24,26,21,14,253,
-12,-8,-14,12,58,-36,27,-15,-15,-22,-19,-13,-19,-22,-19,-9,253,
32,22,-26,27,18,37,5,24,23,53,18,17,25,24,17,11,253,
3,-1,-5,-11,51,-2,17,-6,0,0,-4,0,0,3,-8,6,254,
22,13,1,21,-17,-27,1,16,18,28,23,23,24,25,13,23,254,
-13,-21,-1,-21,-51,-17,-23,-17,-14,-2,-16,-13,-20,-16,-25,-4,254,
18,11,-29,-28,25,11,8,14,28,51,15,13,19,22,13,14,254,
-4,-14,22,-29,13,14,3,-11,-11,4,-5,-1,-3,-7,-4,11,254,
37,25,19,33,33,45,21,24,26,16,32,31,34,30,32,32,254,
